-0.03263052893798942,0.24250625581018148,0.43510010187231346,0.17453292519943295,-0.02495403604964881,-0.0030943071242229645,0.3110000493240237,0.17453292519943295
-0.036286672382009555,0.24105520129238006,0.4351859160103253,0.17453292519943295,-0.023000932676272578,0.02205683296642175,0.3636936311695863,0.17453292519943295
-0.03609766234848758,0.240168314618618,0.4351481996729355,0.17453292519943295,-0.02302862861830686,0.04448307644103378,0.4108169915003383,0.17453292519943295
-0.035984699766909475,0.2392873518661988,0.4351493723304804,0.17453292519943295,-0.022993877005425392,0.06481260245257456,0.4537467111688905,0.17453292519943295
-0.03583861824948665,0.23842322217313527,0.4351633672743437,0.17453292519943295,-0.022899961946264608,0.08359906643464324,0.49357302637369665,0.17453292519943295
-0.03580604550900742,0.23755363776269886,0.4352058102260581,0.17453292519943295,-0.022723493816184066,0.10111970535483587,0.5307736236167809,0.17453292519943295
-0.03576005984431342,0.23667196368927548,0.43523693733513474,0.17453292519943295,-0.02266731715592247,0.1174780035584649,0.5654648231270578,0.17453292519943295
-0.03431947037918945,0.2361576924511201,0.4355007622316949,0.17453292519943295,-0.024647382163118174,0.13134743293965126,0.5926428283471495,0.17453292519943295
-0.03453362741857327,0.23523518297615845,0.43552874381042284,0.17453292519943295,-0.024583896940043495,0.14542946041978727,0.6222294717004578,0.17453292519943295
-0.03474150043740609,0.2343089717081096,0.4355496235366689,0.17453292519943295,-0.024520844749032055,0.15876096068889645,0.6502408561378776,0.17453292519943295
-0.03494305994710444,0.23337912622700266,0.4355634506753716,0.17453292519943295,-0.024470061859617247,0.1714269808875713,0.6768495678710574,0.17453292519943295
-0.03513863775634979,0.23244569536748397,0.43557030755016657,0.17453292519943295,-0.02441520620887907,0.1834954646470055,0.7021962798563367,0.17453292519943295
-0.03532838161713813,0.23150873322778492,0.43557025432405805,0.17453292519943295,-0.024354650741662973,0.1950239053799387,0.7263981190757455,0.17453292519943295
-0.03551240759009691,0.23056828946079927,0.43556334083890896,0.17453292519943295,-0.024295317586894318,0.20606108128393955,0.7495552201972491,0.17453292519943295
-0.03569088167858361,0.22962440214117816,0.43554961030133993,0.17453292519943295,-0.02423669530768101,0.21664830362685164,0.7717512006090641,0.17453292519943295
-0.035864002939353545,0.22867711644780778,0.4355291201574046,0.17453292519943295,-0.024178737121366034,0.2268211082990496,0.793059694791547,0.17453292519943295
-0.03603192450903274,0.22772646690197948,0.4355019077198029,0.17453292519943295,-0.024121803300734376,0.23661042926592174,0.8135436901533808,0.17453292519943295
-0.03620380572396567,0.22677691934533262,0.435474559086283,0.17453292519943295,-0.023662609934844748,0.24604176542686218,0.83344033553618,0.17453292519943295
-0.03635925724012987,0.22581787250141175,0.43543146322471693,0.17453292519943295,-0.023614647773771296,0.25514393512821765,0.8524208538334704,0.17453292519943295
-0.0365097909888947,0.2248557111625809,0.43538201188082487,0.17453292519943295,-0.023567657364829714,0.263934309597828,0.8707237122622414,0.17453292519943295
-0.036655274028372,0.22372650017608395,0.43516804170807444,0.17453292519943295,-0.022240033077431484,0.27326017968293503,0.8916250424213789,0.17453292519943295
-0.03675439984100054,0.222763780027459,0.4351105385554933,0.17453292519943295,-0.02219594804412297,0.28140964126136303,0.9084567768437846,0.17453292519943295
-0.03684968071362706,0.22179862119594704,0.4350471671919742,0.17453292519943295,-0.022164735728646856,0.2892709265814,0.9246167251072063,0.17453292519943295
-0.03693483357062535,0.22082948420058135,0.43497651416897276,0.17453292519943295,-0.022135222480843358,0.29688245807524716,0.9402086075416524,0.17453292519943295
-0.03703279746990505,0.21985528822852307,0.43489855712697034,0.17453292519943295,-0.022013135884939607,0.3042979324411528,0.9554048304436269,0.17453292519943295
-0.0371236284627184,0.21887753708915478,0.43481376368365443,0.17453292519943295,-0.02197880282562513,0.31151246287683937,0.9701750024959418,0.17453292519943295
-0.03721333114296756,0.2178964156272736,0.43472238921098766,0.17453292519943295,-0.02193841824495334,0.31848819706750753,0.9843681160649106,0.17453292519943295
-0.03737956877104073,0.2159259511083777,0.4345212695731328,0.17453292519943295,-0.021892984435801274,0.3319107728431924,1.0116461207275458,0.17453292519943295
-0.03746431004874927,0.21493064855520475,0.434407393711857,0.17453292519943295,-0.021861029620051726,0.3384404147784715,1.0250296105535615,0.17453292519943295
-0.037541374544818346,0.21393695402433738,0.43429035486120404,0.17453292519943295,-0.0218375652864877,0.3446762192323489,1.0375636406431492,0.17453292519943295
-0.03755708309842053,0.2129290125985586,0.4341585850446833,0.17453292519943295,-0.021634342205612434,0.3507377107668696,1.0496769002880177,0.17453292519943295
-0.03765627851064619,0.2119330015232957,0.4340316499297217,0.17453292519943295,-0.021673141162840238,0.3566612074654611,1.0615226688666628,0.17453292519943295
-0.03773078049095616,0.2109307169447707,0.43389599076939067,0.17453292519943295,-0.021666239082898133,0.3624335964166197,1.0730263718767425,0.17453292519943295
-0.03780233815874239,0.2099245003696033,0.433753296324062,0.17453292519943295,-0.021650645673192737,0.36805114087850416,1.0841631934561822,0.17453292519943295
-0.037872312840547095,0.20891464015278954,0.4336037658575499,0.17453292519943295,-0.021631887512364036,0.3735279432963043,1.0949819418839197,0.17453292519943295
-0.037939604080435355,0.20790278534838824,0.4334485596275318,0.17453292519943295,-0.021626032358897283,0.3788615065575946,1.1054610007912804,0.17453292519943295
-0.038006747740318404,0.20688521107064511,0.4332850593728557,0.17453292519943295,-0.021606695313291242,0.38406279474181293,1.115637269262281,0.17453292519943295
-0.03806761041468983,0.20586749834970436,0.4331171863891987,0.17453292519943295,-0.021602881871463628,0.38913277940896845,1.1255067299443275,0.17453292519943295
-0.03812938237847834,0.20484539182033557,0.43294192325956177,0.17453292519943295,-0.021590647090991708,0.3940761887553228,1.1350793483367416,0.17453292519943295
-0.038189118797965195,0.20382015428386768,0.4327601604890867,0.17453292519943295,-0.0215792201489598,0.3988940302547336,1.1443501297280458,0.17453292519943295
-0.03824705462978348,0.2027924303166184,0.4325722919296302,0.17453292519943295,-0.021565382228133766,0.40359301320453095,1.1533412838165762,0.17453292519943295
-0.038302450282842695,0.2017598578285378,0.43237684791537706,0.17453292519943295,-0.021552550846314744,0.4081793836871475,1.1620748583981515,0.17453292519943295
-0.0383567023849337,0.2007258427849163,0.43217593262510784,0.17453292519943295,-0.021538997065306098,0.41264781315733134,1.1705143793772756,0.17453292519943295
-0.03840904523915757,0.19968793899734805,0.4319680263663029,0.17453292519943295,-0.021526094162485666,0.41700672691988655,1.1786932642686696,0.17453292519943295
-0.03846068469951142,0.19864700315797687,0.43175362206252094,0.17453292519943295,-0.02151315616951947,0.421257918624011,1.1866119014529615,0.17453292519943295
-0.03850953378066315,0.1976028505376292,0.4315326663154354,0.17453292519943295,-0.021500467855197332,0.42540384839701745,1.1942745457483697,0.17453292519943295
-0.03855748428119088,0.19655506973892936,0.43130481469223597,0.17453292519943295,-0.02148529684445768,0.429449894182535,1.2017003911533797,0.17453292519943295
-0.03860329234652683,0.1955046008364936,0.4310707203618413,0.17453292519943295,-0.021472560894525743,0.4333933184581138,1.2088686971207914,0.17453292519943295
-0.038646289497524564,0.19445111486566843,0.43083022694019457,0.17453292519943295,-0.02146403468246585,0.4372359307627413,1.2157814759107515,0.17453292519943295
-0.03868935113337779,0.19339450997142613,0.43058309420191554,0.17453292519943295,-0.021452354612524743,0.4409856678032589,1.2224719869529268,0.17453292519943295
-0.03873116459978367,0.19233479860680022,0.43032939129548337,0.17453292519943295,-0.0214407951094193,0.4446418651259656,1.2289306869232592,0.17453292519943295
-0.038771576499579734,0.19127195448828768,0.4300691145793847,0.17453292519943295,-0.021429688764981816,0.4482064458990294,1.2351613481528105,0.17453292519943295
-0.03881050469395271,0.19020589937206722,0.4298022037880898,0.17453292519943295,-0.021418984433868585,0.4516819243404985,1.2411712587170236,0.17453292519943295
-0.038848634823438435,0.18913686421032877,0.42952875504144233,0.17453292519943295,-0.021408774493930253,0.45506891172124125,1.246957643243826,0.17453292519943295
-0.038885703174900046,0.1880652779807345,0.4292490361109113,0.17453292519943295,-0.021398238803258758,0.4583692147204363,1.2525245542008376,0.17453292519943295
-0.0389216306953395,0.18699007405487691,0.4289623947062051,0.17453292519943295,-0.02138900622578878,0.4615852698090046,1.2578798700571474,0.17453292519943295
-0.03895591041973581,0.1859109536341691,0.42866869152004017,0.17453292519943295,-0.021380591804212933,0.46471987442264906,1.26303366309744,0.17453292519943295
-0.038989336652085094,0.1848292676894651,0.4283686769083616,0.17453292519943295,-0.021371949374618154,0.46777247895559787,1.2679779287642636,0.17453292519943295
-0.03902377763833151,0.18374324822706523,0.42806106479073447,0.17453292519943295,-0.021358155253365395,0.47074586619425035,1.2727216409118773,0.17453292519943295
-0.03905698164000009,0.18265842843618046,0.42774951094498437,0.17453292519943295,-0.021356669319319024,0.47363518655525977,1.2772385647708124,0.17453292519943295
-0.039085087365963875,0.18156588768050133,0.4274287921218521,0.17453292519943295,-0.021349186315365375,0.476454855875367,1.2815985864527382,0.17453292519943295
-0.03911552156183403,0.1804722204240411,0.4271023787053213,0.17453292519943295,-0.021341715723378906,0.47919506278942336,1.285745684585956,0.17453292519943295
-0.039143968802821276,0.1793743837604642,0.42676867316939454,0.17453292519943295,-0.021336234554658905,0.48186057430730456,1.2897023443253433,0.17453292519943295
-0.039172077321332106,0.1782738658428715,0.4264285136835224,0.17453292519943295,-0.02133099520590764,0.4844522620800942,1.2934696020878356,0.17453292519943295
-0.039199031670212825,0.17717006262120683,0.42608156332939906,0.17453292519943295,-0.021325811446536506,0.4869715440226628,1.2970516929410807,0.17453292519943295
-0.03922558414653663,0.17606319539778262,0.42572789150704304,0.17453292519943295,-0.021321172732493867,0.4894189328364499,1.300448409621494,0.17453292519943295
-0.0392514361020499,0.1749536257323102,0.42536771891614295,0.17453292519943295,-0.021316377937019175,0.49179533378872536,1.303661602800933,0.17453292519943295
-0.039276208329243396,0.17383979270798325,0.42500014794138363,0.17453292519943295,-0.021313438307151784,0.49410292211022605,1.3067004419578374,0.17453292519943295
-0.039300680403147596,0.1727238282397704,0.42462635537458904,0.17453292519943295,-0.02130957850063042,0.4963408390455934,1.3095574216140644,0.17453292519943295
-0.03932473818290023,0.17160431782905564,0.42424550052983223,0.17453292519943295,-0.021307305213288056,0.49851103790653556,1.312240948159308,0.17453292519943295
-0.03934777462434248,0.17048145778470616,0.4238577458771558,0.17453292519943295,-0.021305149274675073,0.5006141674899329,1.3147519719836296,0.17453292519943295
-0.0393705977789081,0.16935549656874221,0.42346315472693513,0.17453292519943295,-0.0213035237363756,0.5026507681405985,1.3170913547972278,0.17453292519943295
-0.039396553564895284,0.168229407404056,0.42306355169487364,0.17453292519943295,-0.02131197249510041,0.5046212102114985,1.319261386482525,0.17453292519943295
-0.03941650795703696,0.167093003831798,0.4226525764668977,0.17453292519943295,-0.021301461315844306,0.5065305848054927,1.3212796556864663,0.17453292519943295
-0.03943594611545662,0.16595716414615247,0.422237260015856,0.17453292519943295,-0.021300768567942,0.5083721843130271,1.3231171155746062,0.17453292519943295
-0.039455930636270925,0.16481820579720213,0.4218150233906205,0.17453292519943295,-0.0213010963143011,0.5101499116185882,1.3247901119016754,0.17453292519943295
-0.03947549893349784,0.16367581776302692,0.42138575805077955,0.17453292519943295,-0.021302290517075585,0.5118648295787758,1.3263026766894035,0.17453292519943295
-0.03949439126519133,0.16253024245176367,0.4209495392676549,0.17453292519943295,-0.021302988288734507,0.513517132477132,1.3276542321762144,0.17453292519943295
-0.039512749819864974,0.16138139034944107,0.4205063203716418,0.17453292519943295,-0.02130461063895203,0.5151074113449524,1.3288469771447107,0.17453292519943295
-0.03953069661961133,0.16022925688410622,0.4200560793313973,0.17453292519943295,-0.02130672319249024,0.5166362113966996,1.3298825319142686,0.17453292519943295
-0.03954865563184628,0.15907441068460762,0.41959908014875974,0.17453292519943295,-0.021309008387731285,0.5181037782905888,1.3307611101987342,0.17453292519943295
-0.03956570386944656,0.15791568690703017,0.4191347317181566,0.17453292519943295,-0.021312073244466864,0.5195110438786668,1.3314867242336188,0.17453292519943295
-0.039583555608762144,0.1567559758535536,0.4186646782706969,0.17453292519943295,-0.021320880063180742,0.5208555308179951,1.3320471907750684,0.17453292519943295
-0.039599551682393624,0.15558830824339984,0.41818458651535856,0.17453292519943295,-0.021319734780392004,0.5221463604790323,1.3324843658769985,0.17453292519943295
-0.03961851384465927,0.15442263099368342,0.4177006351192434,0.17453292519943295,-0.021331059834706907,0.5233708881935736,1.3327387464597378,0.17453292519943295
-0.03963098223573336,0.15324787384056918,0.4172061605065026,0.17453292519943295,-0.02132877944996066,0.5245436317273812,1.3328773711593593,0.17453292519943295
-0.03964522752341693,0.1520723996060367,0.4167061566954761,0.17453292519943295,-0.02133391865697524,0.5256542137312693,1.3328519679246673,0.17453292519943295
-0.039661476795163665,0.15089540191949324,0.4161996785911089,0.17453292519943295,-0.02133977595917789,0.5267045655056514,1.3326702369815258,0.17453292519943295
-0.03967433047932578,0.14971195414683677,0.41568477306165275,0.17453292519943295,-0.02134509874153251,0.5277001751578025,1.3323597126630886,0.17453292519943295
-0.03968780553319683,0.14852594688929616,0.41516286055167934,0.17453292519943295,-0.02135172047366125,0.5286367862951964,1.3318986524993568,0.17453292519943295
-0.039701466070270135,0.1473374458013877,0.41463415103890106,0.17453292519943295,-0.021358710766118075,0.5295147336848736,1.3312882171314129,0.17453292519943295
-0.03971166124116385,0.14614297696943188,0.41409674066607427,0.17453292519943295,-0.021360699248390805,0.5303383050709293,1.3305490865061709,0.17453292519943295
-0.03972650472065412,0.14495239805524718,0.413556063025207,0.17453292519943295,-0.021377437159147247,0.5310989035396266,1.3296415017287586,0.17453292519943295
-0.0397355373454087,0.14374749041213247,0.413001769345788,0.17453292519943295,-0.021373393281822407,0.5318114122682832,1.3286337143110263,0.17453292519943295
-0.03975132827215302,0.14254768103206777,0.4124450558348362,0.17453292519943295,-0.021389345682010077,0.5324600864724213,1.3274541086895628,0.17453292519943295
-0.039763796407460826,0.14134084576266936,0.41187889431742386,0.17453292519943295,-0.021396453664090567,0.5330571037313819,1.326158944506896,0.17453292519943295
-0.03977614623536378,0.14013181311590073,0.4113061211571156,0.17453292519943295,-0.021408120238654613,0.5335936508159671,1.3247054803221285,0.17453292519943295
-0.03979842505561726,0.13892217218720415,0.41072730646697997,0.17453292519943295,-0.021430077046499733,0.5340722985850046,1.3231083451538481,0.17453292519943295
-0.03979943373377513,0.137702445050917,0.4101375976810554,0.17453292519943295,-0.021428155227533642,0.5345013648689229,1.3214035863475435,0.17453292519943295
-0.03980945138500447,0.13648231604804384,0.40954205378280506,0.17453292519943295,-0.02143801947964725,0.5348719939170933,1.3195532296722654,0.17453292519943295
-0.039820403136932706,0.13525937344428235,0.40893926463257896,0.17453292519943295,-0.021449433880060025,0.5351857654665266,1.3175630601598318,0.17453292519943295
-0.03983092959348904,0.13403190243618918,0.40832842063127084,0.17453292519943295,-0.021460456547119255,0.5354458913333128,1.3154506978436435,0.17453292519943295
-0.039838593851510166,0.13280136674610127,0.40771029432523076,0.17453292519943295,-0.02146991659126265,0.5356493995925237,1.31319943041906,0.17453292519943295
-0.039850227031240394,0.13156737425479645,0.40708447545196436,0.17453292519943295,-0.02148267432636292,0.5357975936731063,1.3108183687908703,0.17453292519943295
-0.039858646263571544,0.13032897453990497,0.40645057743012125,0.17453292519943295,-0.021492249773670005,0.5358928729423452,1.3083194670348204,0.17453292519943295
-0.03986871604534482,0.12908851756140843,0.40580989636220105,0.17453292519943295,-0.021506945163592098,0.5359279549563111,1.3056645905220818,0.17453292519943295
-0.039869509412979474,0.12784076864832383,0.4051596103521603,0.17453292519943295,-0.021509764110727587,0.5359127920655119,1.3029054807582263,0.17453292519943295
-0.03990066576215807,0.12659848959168496,0.40450588342453436,0.17453292519943295,-0.021546166865161965,0.5358345178763911,1.2999821811068666,0.17453292519943295
-0.0398964483329359,0.12534286151285245,0.40383980577307943,0.17453292519943295,-0.021544889403658715,0.5357092026089105,1.2969672277310207,0.17453292519943295
-0.03990373644212919,0.12408703568696196,0.40316760890607695,0.17453292519943295,-0.021557726761998377,0.5355257895228381,1.2938122400420253,0.17453292519943295
-0.0399112780706723,0.12282757376559159,0.40248755409709247,0.17453292519943295,-0.02157055641062972,0.5352871282218062,1.2905302337570954,0.17453292519943295
-0.039920752238894845,0.12156464848318828,0.4017996411607205,0.17453292519943295,-0.0215856019248952,0.5349929640036626,1.287120954590591,0.17453292519943295
-0.039927849032472894,0.12029815643025611,0.4011038918886061,0.17453292519943295,-0.02159890946792024,0.5346432817954011,1.2835837652833098,0.17453292519943295
-0.039935538952563,0.11902831290054042,0.40040038660193317,0.17453292519943295,-0.021614212408360967,0.5342382363327619,1.27992141729899,0.17453292519943295
-0.03994296764509808,0.11775426017938444,0.39968865620473887,0.17453292519943295,-0.02162871246779486,0.5337780504620776,1.276135227899463,0.17453292519943295
-0.03995031444226475,0.1164764896343908,0.398968909566382,0.17453292519943295,-0.02164339835419498,0.5332624439207768,1.2722245506479455,0.17453292519943295
-0.039966156368073984,0.1139093474964866,0.39750501516033987,0.17453292519943295,-0.021673006924537837,0.5320650401225419,1.2640332959952716,0.17453292519943295
-0.03996804568282508,0.11262009766591556,0.3967609799269681,0.17453292519943295,-0.021685459554641417,0.5313825667933053,1.259749434103937,0.17453292519943295
-0.03997740084729263,0.11132731387228563,0.39600874447594137,0.17453292519943295,-0.021702400280459652,0.5306439629021005,1.2553415977426274,0.17453292519943295
-0.0399840518738426,0.11003062547570608,0.39524834393668234,0.17453292519943295,-0.02171831561811803,0.5298494039452893,1.250809980618616,0.17453292519943295
-0.03999052491868143,0.10873164866615774,0.3944802432494386,0.17453292519943295,-0.02173595241218517,0.5289968200722853,1.2461426281928234,0.17453292519943295
-0.039996223779480256,0.10742559704401536,0.3937027476490884,0.17453292519943295,-0.021750068570909203,0.5280920552979546,1.241378141870786,0.17453292519943295
-0.04000238524914086,0.10611748595835807,0.3929175291581668,0.17453292519943295,-0.02176658418110758,0.5271285359518125,1.236475441469409,0.17453292519943295
-0.04000828697169705,0.10480548900427022,0.39212394733191974,0.17453292519943295,-0.021783287854557354,0.5261084572073138,1.2314496824573966,0.17453292519943295
-0.040014004848051093,0.10348935069128462,0.39132189250467,0.17453292519943295,-0.021800093679093253,0.525032109610366,1.2263041161656691,0.17453292519943295
-0.0400195757377441,0.10216953402373452,0.39051145154678424,0.17453292519943295,-0.02181705146758654,0.5238984414481666,1.221032750237746,0.17453292519943295
-0.040025015107495045,0.10084540849859307,0.38969241552486883,0.17453292519943295,-0.021834003868014505,0.5227084093714608,1.2156436446082257,0.17453292519943295
-0.040030327115688595,0.0995173123800357,0.38886483575600106,0.17453292519943295,-0.02185110155664055,0.5214611542011234,1.2101322530278262,0.17453292519943295
-0.04003316712170103,0.09684941071876331,0.3871840457485272,0.17453292519943295,-0.021881331962276065,0.5187932501914703,1.198734421025126,0.17453292519943295
-0.0400367427414378,0.09550958263875732,0.3863306288687327,0.17453292519943295,-0.021897932499637018,0.517373323662816,1.1928577466388492,0.17453292519943295
-0.040050045248345385,0.09416661534340202,0.3854687098506365,0.17453292519943295,-0.0219217016098681,0.515893429922681,1.1868474645221456,0.17453292519943295
-0.040054997106246,0.09281872107530237,0.3845978258053379,0.17453292519943295,-0.02194004902914102,0.5143558815257038,1.1807179766354579,0.17453292519943295
-0.04005924115499502,0.09146733655129968,0.3837184097670996,0.17453292519943295,-0.021959622152122847,0.5127594389830934,1.1744641807032616,0.17453292519943295
-0.04006451979223615,0.09011289788195347,0.3828304017265412,0.17453292519943295,-0.02198112613559914,0.5111016981597628,1.1680688307875084,0.17453292519943295
-0.04006867403702801,0.08875070109401895,0.3819322440731549,0.17453292519943295,-0.021996689779534527,0.5093903482647848,1.1615937738386863,0.17453292519943295
-0.04007721390053111,0.08601752145748316,0.38011021877430934,0.17453292519943295,-0.022034320006046954,0.5057826075952273,1.1482264093782584,0.17453292519943295
-0.040081153408692796,0.08464328993471647,0.37918512348807765,0.17453292519943295,-0.02205074546918886,0.5038900981478792,1.141368969313078,0.17453292519943295
-0.04008515638222012,0.08326682514497302,0.3782515639798455,0.17453292519943295,-0.02207024020067095,0.5019339525542151,1.1343625864663691,0.17453292519943295
-0.04010283987100936,0.08189068093085673,0.37731079164374204,0.17453292519943295,-0.02210704371609703,0.4999131425585037,1.1272041523393272,0.17453292519943295
-0.04010650062569927,0.08050300234484112,0.37635794524258465,0.17453292519943295,-0.022122852873831745,0.49783895779942944,1.1199849707672098,0.17453292519943295
-0.04010037364583737,0.07910989024987021,0.37539479376124196,0.17453292519943295,-0.022130387080623343,0.49570202063310864,1.1126280253673377,0.17453292519943295
-0.04010079129464951,0.07771495789002675,0.3744237291165858,0.17453292519943295,-0.022146223235808747,0.49350035496338374,1.1051261031838757,0.17453292519943295
-0.040105367218556856,0.07631696149213837,0.3734437579345895,0.17453292519943295,-0.022168127909873957,0.4912357387246199,1.0974977125281542,0.17453292519943295
-0.04011551885529684,0.07491561398079055,0.37245491863815167,0.17453292519943295,-0.022195049004541147,0.4889070915824468,1.0897361490490136,0.17453292519943295
-0.04011453313599598,0.07350570125906486,0.3714543835405951,0.17453292519943295,-0.02220599687532328,0.4865171339038489,1.081864023725014,0.17453292519943295
-0.040114500579406125,0.07209351501752488,0.3704454742062043,0.17453292519943295,-0.022222813475955734,0.48406126501853136,1.073849896779315,0.17453292519943295
-0.04011754476540835,0.07067733984032615,0.36942699066922435,0.17453292519943295,-0.02224256899193654,0.48153956210441484,1.0656976413668604,0.17453292519943295
-0.04012111574257865,0.06925717621345817,0.3683990253815954,0.17453292519943295,-0.022264054345535873,0.47895238400315837,1.0574156213033619,0.17453292519943295
-0.04012386682398345,0.06783046101205656,0.3673604421634814,0.17453292519943295,-0.022280709351661716,0.4763004235124224,1.0490150488398893,0.17453292519943295
-0.040126518977474344,0.06640047825197101,0.36631249544095784,0.17453292519943295,-0.02229996666419905,0.4735800489145087,1.040466042558993,0.17453292519943295
-0.04012925172797605,0.06496814394176242,0.3652554242816825,0.17453292519943295,-0.022323296216013956,0.4707887925208445,1.0317447239126996,0.17453292519943295
-0.0401320391520985,0.06352644551019604,0.36418664196357103,0.17453292519943295,-0.022338724408333056,0.46793557786327405,1.0229627336802547,0.17453292519943295
-0.040134926201763406,0.0620830743039632,0.36310892620663354,0.17453292519943295,-0.022359511633953947,0.4650097935739829,1.0140050964544667,0.17453292519943295
-0.04013746216639092,0.060633586134473935,0.362020409466575,0.17453292519943295,-0.022376847261352778,0.46201411707449647,1.0049097609741033,0.17453292519943295
-0.04014004671039483,0.05918002016916528,0.3609219754861345,0.17453292519943295,-0.022396168262182516,0.45894725245075846,0.9956727125529458,0.17453292519943295
-0.04014256734627131,0.057721671691197574,0.3598132359264766,0.17453292519943295,-0.022414840674571453,0.45580833655223535,0.9862922847566292,0.17453292519943295
-0.04014506021469411,0.056258158564076,0.35869400267045903,0.17453292519943295,-0.02243340666692422,0.4525968839079375,0.9767741591290278,0.17453292519943295
-0.04014745137883488,0.0547901274707124,0.3575644149742811,0.17453292519943295,-0.022452048324288123,0.44931070423853836,0.9671014458008103,0.17453292519943295
-0.040149783043851854,0.0533170523501325,0.35642423752235275,0.17453292519943295,-0.02247055558839729,0.44594942280501426,0.9572823116802763,0.17453292519943295
-0.040151882109118006,0.051843667736684654,0.3552752577749443,0.17453292519943295,-0.022495660620824472,0.4425075243914675,0.9472473461464699,0.17453292519943295
-0.04015414527555595,0.05035840841191363,0.354112892935155,0.17453292519943295,-0.022510072737977276,0.4389943744532204,0.9371630873810634,0.17453292519943295
-0.040156321359502437,0.04887041158112458,0.3529405864346024,0.17453292519943295,-0.0225281307751746,0.4353995565742626,0.926880920787464,0.17453292519943295
-0.040158406379270324,0.04737754967106124,0.3517574619963118,0.17453292519943295,-0.022546592835718946,0.43172380880216527,0.9164345597709517,0.17453292519943295
-0.04015467896832298,0.04587719264982033,0.35056195255729267,0.17453292519943295,-0.022557253995910576,0.4279661849620825,0.9058312245485379,0.17453292519943295
-0.04016190154764952,0.04437673069486544,0.3493583269877829,0.17453292519943295,-0.022582566685692976,0.42412368220220875,0.8950417214578714,0.17453292519943295
-0.040164166305766774,0.0428676725924182,0.34814164588650315,0.17453292519943295,-0.022598554480005827,0.4201965705390721,0.8841007297949,0.17453292519943295
-0.040165535736340095,0.04135659015571495,0.346915042662602,0.17453292519943295,-0.022619207551797457,0.41618005601661767,0.8729390763085759,0.17453292519943295
-0.04016746520042575,0.03983505240964321,0.3456751011886702,0.17453292519943295,-0.022632231417094268,0.4120780710027149,0.8616994672256157,0.17453292519943295
-0.040191949484670884,0.038315290317355644,0.3444268846823869,0.17453292519943295,-0.022676290953226652,0.4078813036375494,0.8502090132769834,0.17453292519943295
-0.04017363511398602,0.03678136189974464,0.34316268276846595,0.17453292519943295,-0.02266769161500117,0.4035925558149546,0.8385692467603858,0.17453292519943295
-0.04017327647010342,0.03524636446161869,0.3418891684336817,0.17453292519943295,-0.022682730505012138,0.39920652439853904,0.826718849440059,0.17453292519943295
-0.040175369805092315,0.03370688951699506,0.3406043292409794,0.17453292519943295,-0.022700794536326178,0.3947213326076654,0.8146698799383991,0.17453292519943295
-0.040177431905510784,0.032161243561435224,0.33930730843837137,0.17453292519943295,-0.022717249727165677,0.39013417886833673,0.8024157455097999,0.17453292519943295
-0.04017806951000322,0.03060957610795695,0.3379981796141511,0.17453292519943295,-0.022731280352950637,0.3854425512301849,0.789965210961448,0.17453292519943295
-0.0401793862504868,0.029052551875386877,0.3366770631456271,0.17453292519943295,-0.022746108173742056,0.3806424521013584,0.7772942166115344,0.17453292519943295
-0.040167585005077076,0.027486717539516755,0.335342033268644,0.17453292519943295,-0.022744070944058475,0.3757305116758061,0.7644095662533338,0.17453292519943295
-0.04019668783410752,0.025924498396166337,0.3339999288433954,0.17453292519943295,-0.022792101609577304,0.3707028949216902,0.7512635781560583,0.17453292519943295
-0.0401993659163493,0.02435009032411422,0.3326418208571726,0.17453292519943295,-0.022806201331266075,0.3655556831547303,0.7379110772202532,0.17453292519943295
-0.040193019797825226,0.02277017553510788,0.33127139344440276,0.17453292519943295,-0.022810454799020084,0.3602839390067554,0.7243024630700435,0.17453292519943295
-0.040185409061389024,0.021180994872798804,0.329886123686263,0.17453292519943295,-0.022809997469062586,0.3548822072896278,0.7104486552868099,0.17453292519943295
-0.04018808551886314,0.019589296826626246,0.32849015387614705,0.17453292519943295,-0.022823791384588413,0.3493457644069894,0.6963116924426344,0.17453292519943295
-0.04018927846113254,0.01799220662451689,0.3270816368471776,0.17453292519943295,-0.022835586937131596,0.34366863092297245,0.6818979359058943,0.17453292519943295
-0.04018989269442703,0.016386919455943953,0.32565903830294585,0.17453292519943295,-0.022842677432749276,0.3378445003030036,0.6672049596143449,0.17453292519943295
-0.040190272340902555,0.01477759163133161,0.3242242892075511,0.17453292519943295,-0.02285115240972043,0.33186529714603424,0.6521887465514089,0.17453292519943295
-0.040191281258248564,0.013159934713304703,0.32277515347949837,0.17453292519943295,-0.02285634119610208,0.3257240956289465,0.6368641721401903,0.17453292519943295
-0.0401921850093074,0.011538618669948512,0.32131381164158707,0.17453292519943295,-0.022862680388684862,0.31940987817016897,0.6211625365558465,0.17453292519943295
-0.04019305480439588,0.00990928323049359,0.31983807318361174,0.17453292519943295,-0.022865219720875005,0.31291575771980445,0.60512936143485,0.17453292519943295
-0.04018710433868248,0.008271007864400394,0.3183468180595722,0.17453292519943295,-0.02285615259632519,0.3062276916876767,0.5887070724317256,0.17453292519943295
-0.04021424375420623,0.006636377599651242,0.31684809344140574,0.17453292519943295,-0.022884240931815472,0.2993379455203244,0.5718463794863271,0.17453292519943295
-0.04021748029617454,0.004988102193595442,0.31533082457089223,0.17453292519943295,-0.02287768425185308,0.29222734986872806,0.5545706740985699,0.17453292519943295
-0.04019759069605628,0.0033287678309313817,0.3137966270790009,0.17453292519943295,-0.022837468021197325,0.28488082340518533,0.5368326985236852,0.17453292519943295
-0.040196309408260904,0.0016665582235384604,0.31225048370803365,0.17453292519943295,-0.022810105059460985,0.27728419451373004,0.5185843556491707,0.17453292519943295
-0.0401989512794503,-2.217269890010211e-06,0.31068982892064523,0.17453292519943295,-0.022772078035886253,0.26941488652235435,0.4997851480093037,0.17453292519943295
-0.04019940196719468,-0.0016769829522366116,0.309114955738762,0.17453292519943295,-0.02270583215726187,0.2612485915324204,0.48038129353764863,0.17453292519943295
-0.040198726149367085,-0.003359793269033213,0.30752459992746756,0.17453292519943295,-0.022592761135918387,0.252759310420365,0.4603266630676712,0.17453292519943295
-0.04019914645915563,-0.005049889045083946,0.30591902914769675,0.17453292519943295,-0.02239699217944579,0.24391853870851085,0.4395689951334704,0.17453292519943295
-0.040198165357798535,-0.005039051410951642,0.3059244719362774,0.17453292519943295,-0.02217489781571995,0.24387228112071843,0.439023153489529,0.17453292519943295
-0.0402792919675937,0.02210583664488009,0.3611802004930256,0.17453292519943295,-0.022208862351784858,0.24296402187164615,0.43909864122772047,0.17453292519943295
-0.04028909228254435,0.04633227082206901,0.410658226735994,0.17453292519943295,-0.022159885128204368,0.24206856384220118,0.43905564126213786,0.17453292519943295
-0.040254661707631645,0.06857331203483587,0.45621750691862073,0.17453292519943295,-0.022122565855841932,0.24117792595330367,0.43904785881787456,0.17453292519943295
-0.04018941861522833,0.08937488252525301,0.4989248236375159,0.17453292519943295,-0.022076603365858455,0.2402967393161536,0.43904930052539987,0.17453292519943295
-0.04013561090562645,0.10899490769256444,0.5391900261236992,0.17453292519943295,-0.02207590731027118,0.2394120562202801,0.43907852545977255,0.17453292519943295
-0.04002440218724318,0.12745991877560042,0.5769928243622734,0.17453292519943295,-0.022041464635480363,0.23852549709551574,0.43910483065184924,0.17453292519943295
-0.03992270308585005,0.1449918317942681,0.6128493447603198,0.17453292519943295,-0.02203966494973383,0.23762789249068278,0.43913876477360375,0.17453292519943295
-0.04141196097587612,0.15911999604856925,0.6389640746825357,0.17453292519943295,-0.022327925904630345,0.23712559595046123,0.4394694852146306,0.17453292519943295
-0.04130716417498822,0.17458182154213872,0.6701958428673419,0.17453292519943295,-0.02242245316291678,0.2361907419923716,0.43949389430888275,0.17453292519943295
-0.041200953906872124,0.1893921395269813,0.7000646711998412,0.17453292519943295,-0.02251193904047245,0.23525254179999772,0.4395115682752085,0.17453292519943295
-0.041116778973325684,0.20361290269321458,0.7286968059667643,0.17453292519943295,-0.02259808918487179,0.23431143038805252,0.4395230881752763,0.17453292519943295
-0.04103350198213139,0.21729736516369072,0.7562209272499394,0.17453292519943295,-0.0226808330044777,0.2333672446417388,0.4395282279149646,0.17453292519943295
-0.040928977861200734,0.23048911450506146,0.7827252915665276,0.17453292519943295,-0.0227590485720237,0.23241967678410036,0.4395265148966897,0.17453292519943295
-0.04082733429167647,0.2432226447013407,0.8082638072556095,0.17453292519943295,-0.022833051478797994,0.23146892413425613,0.4395181301307394,0.17453292519943295
-0.0407269216193897,0.2555288433523975,0.8329003607218661,0.17453292519943295,-0.02290335106434735,0.23051499351000532,0.43950312137943076,0.17453292519943295
-0.040628011987808924,0.2674365168284258,0.8567109809388676,0.17453292519943295,-0.02297026453241025,0.22955790563524608,0.4394815204913742,0.17453292519943295
-0.040535049627894164,0.27896865139852745,0.8797425633548729,0.17453292519943295,-0.02303384594870249,0.22859772524411454,0.4394533584463643,0.17453292519943295
-0.04045175115430596,0.29013510364753076,0.9019407724728356,0.17453292519943295,-0.023093877362610725,0.22763451016736752,0.4394186255059151,0.17453292519943295
-0.04034084062044809,0.3009788137242876,0.9235797468871734,0.17453292519943295,-0.02315216776350569,0.2266678862770231,0.4393772583853089,0.17453292519943295
-0.04024608729715371,0.31149057469666186,0.9444626547824932,0.17453292519943295,-0.02320715617963162,0.22569828638231199,0.43932935624513825,0.17453292519943295
-0.04015153063087915,0.3216923611122025,0.9646957174919543,0.17453292519943295,-0.023259397232711882,0.2247255091198409,0.4392748237472185,0.17453292519943295
-0.04006003927171379,0.3315938663134484,0.9842856497162962,0.17453292519943295,-0.023309263614391982,0.22374966497559706,0.4392137739263109,0.17453292519943295
-0.039968194770606286,0.34120707947778284,1.003265754973391,0.17453292519943295,-0.023356845064152757,0.22277070289269676,0.4391461641986313,0.17453292519943295
-0.03988140536976192,0.35053820394485635,1.0216318738510215,0.17453292519943295,-0.023402418663765266,0.22178870377498067,0.4390720718601132,0.17453292519943295
-0.03979336568682358,0.35959949390205387,1.0394308969117878,0.17453292519943295,-0.023445653781602977,0.22080351277011578,0.4389913307908884,0.17453292519943295
-0.03851161570341857,0.3690621120266498,1.0592893213394723,0.17453292519943295,-0.022482691457634783,0.2196633777014962,0.4387071424956148,0.17453292519943295
-0.03844876348006793,0.3775216897382813,1.0756824733003068,0.17453292519943295,-0.02250617646693361,0.21867668319959496,0.43861604916851665,0.17453292519943295
-0.038384112532377224,0.3857621174022959,1.0916402373840906,0.17453292519943295,-0.022526925007090016,0.21768534761673863,0.438517316644893,0.17453292519943295
-0.038313571666062286,0.3937501109236171,1.10703803750753,0.17453292519943295,-0.022545975573528228,0.21668912399876167,0.43841085066660473,0.17453292519943295
-0.038169282094644125,0.4014869444679633,1.1218652394429078,0.17453292519943295,-0.02249082695828068,0.2156846009100006,0.43828950060223326,0.17453292519943295
-0.03810578291341212,0.40899449126589615,1.1362106446175322,0.17453292519943295,-0.02250457633064137,0.2146831895364313,0.438170376870221,0.17453292519943295
-0.03804750134129689,0.41627328507633854,1.150063469470056,0.17453292519943295,-0.022519882321359888,0.21367796517334273,0.43804442093646445,0.17453292519943295
-0.03799074112328924,0.42333304816017464,1.163456575187259,0.17453292519943295,-0.02253410233459679,0.21266851479316295,0.4379111963932545,0.17453292519943295
-0.03792973452800074,0.43014370713418437,1.1762666125247758,0.17453292519943295,-0.02254302932577552,0.21165712556303512,0.43777182220188543,0.17453292519943295
-0.03787681128174789,0.4367376087154671,1.1886174519568355,0.17453292519943295,-0.022556042100427297,0.21064204883315876,0.43762585451084907,0.17453292519943295
-0.03782522970231047,0.44310475972367747,1.2004650793706033,0.17453292519943295,-0.022568916843539188,0.20962397537790678,0.43747342514406073,0.17453292519943295
-0.03776404311154041,0.4492582171565262,1.211858079255771,0.17453292519943295,-0.022569190658382844,0.20859896527767838,0.4373112536148968,0.17453292519943295
-0.03772780398029534,0.4551745175656953,1.2227036772903217,0.17453292519943295,-0.022589259714523,0.20757688859149823,0.43714762621543024,0.17453292519943295
-0.037682774387077095,0.4608650777296666,1.2330399216534287,0.17453292519943295,-0.022603259821695247,0.20654986472127887,0.43697588182897423,0.17453292519943295
-0.03764957004278183,0.46633204902726133,1.2428787301631399,0.17453292519943295,-0.022618966042922885,0.20551990331601774,0.4367978282793237,0.17453292519943295
-0.03761816623575863,0.47158190919090887,1.2522446685063904,0.17453292519943295,-0.022642033438105287,0.20448833708582176,0.4366146478267756,0.17453292519943295
-0.03755013869771921,0.4766105981196616,1.2611115519577119,0.17453292519943295,-0.022623566820761488,0.20344466719877663,0.436416534874945,0.17453292519943295
-0.037526303971619206,0.48140252379276666,1.2694316455184023,0.17453292519943295,-0.02264298592707686,0.20240682127253504,0.43621987975258103,0.17453292519943295
-0.037493889912303964,0.48597401851022654,1.2772642221639239,0.17453292519943295,-0.02265303374141336,0.20136303566616642,0.43601431506666183,0.17453292519943295
-0.03746275963713034,0.49031964883736606,1.2845901778725668,0.17453292519943295,-0.02266186369941961,0.2003159405820131,0.43580196460995385,0.17453292519943295
-0.03743360275429746,0.4944341807322811,1.29138847160019,0.17453292519943295,-0.02266876292535454,0.199265613322531,0.4355828180333255,0.17453292519943295
-0.03740849949782374,0.49831662001114485,1.2976583684299454,0.17453292519943295,-0.02267728300901799,0.19821230981559496,0.4353572479865977,0.17453292519943295
-0.03738564294112705,0.5019675993768373,1.3034067375856204,0.17453292519943295,-0.02268500122496738,0.19715572275423257,0.4351249164511943,0.17453292519943295
-0.03736526125317031,0.5053846069752822,1.3086271390935895,0.17453292519943295,-0.02269229753669193,0.19609589286217238,0.4348858567341153,0.17453292519943295
-0.03734796589216781,0.5085627531477129,1.3133027914152422,0.17453292519943295,-0.022699311549845606,0.19503292185090143,0.4346401325307581,0.17453292519943295
-0.03731791807210555,0.5115043982547831,1.317446872598128,0.17453292519943295,-0.02268932361541191,0.1939630612980641,0.43438439092143866,0.17453292519943295
-0.03731112423693853,0.5141992525292831,1.3210292744485692,0.17453292519943295,-0.02270430817720648,0.1928958421794082,0.4341270534051271,0.17453292519943295
-0.03732563386269297,0.5166383648243754,1.3240156867706585,0.17453292519943295,-0.022733215196536528,0.19182869740828845,0.43386590548358794,0.17453292519943295
-0.037306720649183174,0.518839982263672,1.3264860408532368,0.17453292519943295,-0.02272520882899811,0.19074935494468653,0.43359019801736287,0.17453292519943295
-0.037301921031334985,0.5207819262373854,1.3283592779623596,0.17453292519943295,-0.022729336473670148,0.18967073973370618,0.4333109288567329,0.17453292519943295
-0.03730277752259479,0.5224663900972012,1.3296549860573479,0.17453292519943295,-0.022735851046069185,0.1885886064997033,0.4330248988100058,0.17453292519943295
-0.03730775244919627,0.523888579111181,1.3303624926511066,0.17453292519943295,-0.022742048683955154,0.1875027332653711,0.4327317982346124,0.17453292519943295
-0.037312742561754486,0.5250412763479354,1.3304594865438861,0.17453292519943295,-0.02274661086291045,0.1864145136466745,0.43243230742229505,0.17453292519943295
-0.037322667444785546,0.52592076113228,1.3299444552135409,0.17453292519943295,-0.022751389025095763,0.18532273221117782,0.4321258485966711,0.17453292519943295
-0.03733563173643138,0.5265214878324921,1.3288063060499817,0.17453292519943295,-0.022756221392343196,0.18422765391330356,0.4318125665817951,0.17453292519943295
-0.03735248545783239,0.5268369959059287,1.3270314355194783,0.17453292519943295,-0.02276081854946818,0.18312928548483134,0.43149242940801186,0.17453292519943295
-0.037373682903634735,0.5268598985150861,1.324602726020887,0.17453292519943295,-0.022765196160844138,0.18202773018560575,0.43116547973343344,0.17453292519943295
-0.03737875379817135,0.5265889018493733,1.3215290462768878,0.17453292519943295,-0.022746779811200848,0.18091887277198562,0.4308278168562357,0.17453292519943295
-0.03743865836434292,0.5260001153255159,1.317733602420125,0.17453292519943295,-0.022789599328987997,0.17981845539906938,0.4304941625849811,0.17453292519943295
-0.0374540347038726,0.5251092583046685,1.3132921030782192,0.17453292519943295,-0.022778444025751056,0.17870338100706326,0.43014336136720016,0.17453292519943295
-0.03748678256653469,0.5238922839941007,1.308127016286144,0.17453292519943295,-0.022780739120116154,0.17758880548317507,0.42978881355406034,0.17453292519943295
-0.03752375380608387,0.5223447912644592,1.3022412391536853,0.17453292519943295,-0.022783876155536925,0.17647134805592038,0.4294276439238513,0.17453292519943295
-0.037563927657565624,0.5204561668673161,1.2956111513671993,0.17453292519943295,-0.022789391548043655,0.1753503822460204,0.42905958693473933,0.17453292519943295
-0.03760426105072261,0.5182161156080077,1.2882164904520066,0.17453292519943295,-0.022791401771829308,0.1742254200141548,0.42868397533530744,0.17453292519943295
-0.03765191447347935,0.5156132218155424,1.2800367744234855,0.17453292519943295,-0.02279501851487204,0.17309819203227428,0.42830207614476673,0.17453292519943295
-0.03770210150313952,0.5126353176341792,1.271046585980573,0.17453292519943295,-0.022798146510207614,0.17196733755890783,0.4279129841649039,0.17453292519943295
-0.03775538148563644,0.5092698780286901,1.2612234656678056,0.17453292519943295,-0.022801117418890196,0.17083308895796973,0.42751685335981393,0.17453292519943295
-0.03781165967696092,0.505503164364525,1.250541735446461,0.17453292519943295,-0.022804087459737846,0.16969547576835034,0.4271137023689902,0.17453292519943295
-0.0378877371860079,0.5013153808862827,1.2389509272554002,0.17453292519943295,-0.0228245059138312,0.16855800154117745,0.42670671737324,0.17453292519943295
-0.03794183486690638,0.49670022892546456,1.2264628197478629,0.17453292519943295,-0.022814158411057668,0.16741120564181958,0.42628702541894653,0.17453292519943295
-0.03800208141388491,0.4916370199677378,1.213035433530643,0.17453292519943295,-0.022812482178506135,0.16626341068485526,0.4258622503780955,0.17453292519943295
-0.03806857164347147,0.4861009158428888,1.1986002005551677,0.17453292519943295,-0.022814341122284174,0.1651120261199664,0.42543059025161434,0.17453292519943295
-0.038143089731420395,0.48007345519095757,1.1831312540643473,0.17453292519943295,-0.022818299004019986,0.16395793442453468,0.42499231502868984,0.17453292519943295
-0.03822271341200585,0.47353123282448034,1.1665810101364986,0.17453292519943295,-0.022819993191591628,0.16280082824289896,0.42454694150952504,0.17453292519943295
-0.03830291768419625,0.4664502711929011,1.1489070331709,0.17453292519943295,-0.02282191328464651,0.16163991464982153,0.4240942216116841,0.17453292519943295
-0.03838284975835178,0.4588029586562171,1.1300570583860663,0.17453292519943295,-0.022823535094521046,0.1604751324645187,0.4236340760496228,0.17453292519943295
-0.03847271018308103,0.45055513930055596,1.1099564024580573,0.17453292519943295,-0.022826253382772416,0.15930796052734347,0.4231673434719288,0.17453292519943295
-0.038564842627774744,0.4416728086743668,1.0885398951995877,0.17453292519943295,-0.02282814589771682,0.15813705214692705,0.4226931631667779,0.17453292519943295
-0.03865790073906663,0.43211815741054677,1.065738002331296,0.17453292519943295,-0.02283005768067937,0.1569626610512756,0.42221173544215057,0.17453292519943295
-0.038752828288256144,0.42184714197347456,1.0414649167641934,0.17453292519943295,-0.022831938027483595,0.1557847876601384,0.4217230385045767,0.17453292519943295
-0.03884330328374196,0.41080967854675776,1.0156217268049137,0.17453292519943295,-0.022830364334380696,0.1546024514360642,0.42122621308248215,0.17453292519943295
-0.03895585997439301,0.39893552534221816,0.9880393858548858,0.17453292519943295,-0.02283482206432865,0.15341956022464873,0.4207240687762598,0.17453292519943295
-0.03907350713053524,0.3861719566508411,0.9586518130417302,0.17453292519943295,-0.02285459108765066,0.15223506007607704,0.42021680579759757,0.17453292519943295
-0.03915629236099523,0.372443921006712,0.9273119292753577,0.17453292519943295,-0.022839675679569273,0.15103942144520296,0.41969547154482184,0.17453292519943295
-0.03926096396832799,0.35764506382588584,0.8937811665824525,0.17453292519943295,-0.022839775875591023,0.14984435006313984,0.41917011015185246,0.17453292519943295
-0.03939895179748988,0.34160240880012843,0.8576115770678008,0.17453292519943295,-0.02284314758263351,0.14864732415469234,0.4186382833590398,0.17453292519943295
-0.039477113372962065,0.3243812266739945,0.819271236266598,0.17453292519943295,-0.022844519293154893,0.14744417911783778,0.4180977626270252,0.17453292519943295
-0.03958288383471733,0.3056130639320685,0.7776822576084511,0.17453292519943295,-0.022844548907968724,0.14623873042657196,0.41755022627266214,0.17453292519943295
-0.03969328461560403,0.2851533506435221,0.73266558017685,0.17453292519943295,-0.022846222869697487,0.14503036245846904,0.41699564865494215,0.17453292519943295
-0.041631058017332793,0.26144389419834335,0.678600636239955,0.17453292519943295,-0.024365078796447445,0.1439452302203302,0.4166339522522188,0.17453292519943295
-0.04171534484806517,0.2361660064712202,0.6234484434206652,0.17453292519943295,-0.024368037500625953,0.1427297732783881,0.41606467332849006,0.17453292519943295
-0.041749100772773724,0.20774231532295798,0.5618778921643828,0.17453292519943295,-0.024370969900751334,0.14151080818635436,0.4154878900485419,0.17453292519943295
-0.04170893671816219,0.17519049239637272,0.4918806747095865,0.17453292519943295,-0.024400132098289853,0.14029078981476198,0.41490770314979813,0.17453292519943295
-0.04136848649288389,0.13682157201830134,0.4100312412373374,0.17453292519943295,-0.024419461258924635,0.13906632293752158,0.4143184331117803,0.17453292519943295
