-0.03950705602425,0.1370837883328867,0.4098451084854329,0.17453292519943295,-0.02244918190839936,0.13891003096862006,0.4140690650794571,0.17453292519943295
-0.03950437586717413,0.1358561593401828,0.4092434537984962,0.17453292519943295,-0.022444280679446746,0.17851026311390542,0.496361147782297,0.17453292519943295
-0.039678605047164944,0.13463181509339991,0.4086310717568313,0.17453292519943295,-0.022623432897145183,0.21243478200114566,0.5672758972870475,0.17453292519943295
-0.039707615618065344,0.1333979620513501,0.4080134309691598,0.17453292519943295,-0.022593455707977935,0.2425810589520867,0.6305929389535508,0.17453292519943295
-0.03972814876500392,0.1321602609693534,0.4073882527109865,0.17453292519943295,-0.022538122296202452,0.2699526954760317,0.6882499730197432,0.17453292519943295
-0.041073973754474,0.13099437111913428,0.40678781988450424,0.17453292519943295,-0.024156085649449367,0.29312877313907965,0.734561999554035,0.17453292519943295
-0.04109219805148261,0.12974889187277136,0.40614708001362654,0.17453292519943295,-0.02407451922875026,0.3153111981435693,0.7807043024593038,0.17453292519943295
-0.04110638684194391,0.12849945071704752,0.4054983032442615,0.17453292519943295,-0.0239872810374431,0.3357744093903664,0.8232064408019083,0.17453292519943295
-0.0411419983029217,0.12724817931560953,0.404843218542743,0.17453292519943295,-0.02394250551115277,0.3547505872882859,0.8625665322645553,0.17453292519943295
-0.04116375925053737,0.12599215541995362,0.40417938705579337,0.17453292519943295,-0.023874332340513713,0.3724217052592765,0.8991623917206131,0.17453292519943295
-0.04117897288306124,0.12473201029431917,0.4035072933708328,0.17453292519943295,-0.023797638826233283,0.3889298959272771,0.9332632815251134,0.17453292519943295
-0.0411936195013103,0.12346818770421289,0.4028272977642631,0.17453292519943295,-0.0237256381084256,0.4043917089892468,0.9651090523554464,0.17453292519943295
-0.041207501406329436,0.12220062855541948,0.40213933830769955,0.17453292519943295,-0.023655090480567787,0.4189098800508451,0.994951432618599,0.17453292519943295
-0.04122109078835763,0.12092938195061671,0.40144342611081035,0.17453292519943295,-0.023589218429282983,0.43256114191425205,1.0229141003451974,0.17453292519943295
-0.04123425147927262,0.11965442207393988,0.4007395172082313,0.17453292519943295,-0.023526127088126784,0.44541636844048954,1.0491550236430693,0.17453292519943295
-0.04124674569587551,0.11837568339333948,0.40002754421507786,0.17453292519943295,-0.023465193438972156,0.45753713082297265,1.073815379778598,0.17453292519943295
-0.04125939422298053,0.11709325642756618,0.39930754675381946,0.17453292519943295,-0.02341079953577141,0.4689686929867649,1.0969514202521329,0.17453292519943295
-0.041271251819979135,0.11580701542077917,0.39857940758621185,0.17453292519943295,-0.023355613596214037,0.47976398825088573,1.1187227808538251,0.17453292519943295
-0.04128308063037664,0.11451696196960857,0.39784311817396484,0.17453292519943295,-0.023303637246888047,0.48995713921205447,1.1391683103921004,0.17453292519943295
-0.041294552178340195,0.11322325856725449,0.3970987236489215,0.17453292519943295,-0.02325907162999751,0.4995828400145651,1.1583613724481592,0.17453292519943295
-0.041306067283858716,0.11192565196396527,0.3963460750246155,0.17453292519943295,-0.02321325725280479,0.5086737590524654,1.1763785597866818,0.17453292519943295
-0.041316176880532754,0.11062407967391745,0.3955850736884435,0.17453292519943295,-0.02316680793335698,0.5172573847859768,1.1932764727963348,0.17453292519943295
-0.041326510819054724,0.10931875657898171,0.39481583930600916,0.17453292519943295,-0.02312552334236118,0.5253563901218773,1.2090919747300914,0.17453292519943295
-0.04133679816380973,0.10800959570034097,0.3940382893208588,0.17453292519943295,-0.02308739387709569,0.532993252657928,1.2238729453092645,0.17453292519943295
-0.04134671068677864,0.10669652473994873,0.3932523468245845,0.17453292519943295,-0.02305125295149641,0.5401891807997423,1.2376696546140729,0.17453292519943295
-0.04135632395023504,0.10537954157489207,0.39245798026166234,0.17453292519943295,-0.02301704031623761,0.5469620518372114,1.2505174329709954,0.17453292519943295
-0.040113621054186935,0.10398231323511035,0.39161873534081726,0.17453292519943295,-0.021830708752106038,0.5537244212815078,1.2641053108309641,0.17453292519943295
-0.040120709676227384,0.10265710353990498,0.3908072506792961,0.17453292519943295,-0.02181350272957098,0.5596489936757506,1.2749391795700356,0.17453292519943295
-0.040127616559776376,0.10132791962947213,0.38998720299050377,0.17453292519943295,-0.021797425136886168,0.565203674707052,1.2849452425412664,0.17453292519943295
-0.040091274388891616,0.09999249878795465,0.38915850481157455,0.17453292519943295,-0.021745594144762858,0.5703971466172314,1.2941260474838892,0.17453292519943295
-0.040047387257377526,0.09865405830673296,0.3883220119584413,0.17453292519943295,-0.021691967202931147,0.5752475950786934,1.3025471951599774,0.17453292519943295
-0.04004829470679034,0.09731249299718353,0.3874760008126144,0.17453292519943295,-0.0216779244637531,0.5797602262983055,1.3102162992258457,0.17453292519943295
-0.04005078208953358,0.09596725348180325,0.38662132256211057,0.17453292519943295,-0.021667740215043575,0.5839318079524302,1.317088276068718,0.17453292519943295
-0.04005659059940183,0.09461976747775858,0.38575889347630743,0.17453292519943295,-0.021662800499562637,0.5877899368716202,1.3232715755365272,0.17453292519943295
-0.04005568049273412,0.09326393558009735,0.384885336933484,0.17453292519943295,-0.021650595455216366,0.5913379166303496,1.328756385228228,0.17453292519943295
-0.04005964035167637,0.091906870579574,0.38400431503201327,0.17453292519943295,-0.02164467714039468,0.59457367169313,1.3335197601208824,0.17453292519943295
-0.04006400282350658,0.09054503293032316,0.38311405614011224,0.17453292519943295,-0.021641090508535424,0.5975133149588338,1.3376207291695292,0.17453292519943295
-0.04006826120959216,0.08917833134917255,0.38221449670141644,0.17453292519943295,-0.02163939748610827,0.6001620114409393,1.3410686111042007,0.17453292519943295
-0.04007230676193812,0.08780871257073275,0.3813064676832528,0.17453292519943295,-0.021637380310288022,0.6025201349486962,1.343847417297626,0.17453292519943295
-0.040076270932391876,0.08643357537890797,0.3803887516395629,0.17453292519943295,-0.021638459158840478,0.604598958378759,1.3460018481814733,0.17453292519943295
-0.04008052563350651,0.08505576887277706,0.37946254292868636,0.17453292519943295,-0.021640564659112262,0.6063969569148524,1.3475073339891457,0.17453292519943295
-0.040084510750869135,0.08367273265068795,0.37852673764546846,0.17453292519943295,-0.021643532571048365,0.6079260842914493,1.3484156341847946,0.17453292519943295
-0.040079814109307825,0.08228264150852875,0.3775803155913443,0.17453292519943295,-0.02163948426096043,0.6091894543398341,1.3487278294951215,0.17453292519943295
-0.040091271499531594,0.0808940833361622,0.3766273916559521,0.17453292519943295,-0.021653911848482886,0.6101833079275323,1.3484197709349328,0.17453292519943295
-0.040078813158041925,0.07949463587044701,0.37566209967209535,0.17453292519943295,-0.021646379419054625,0.6109239112134666,1.347557560626938,0.17453292519943295
-0.040097577463169096,0.07809759193653756,0.37469029950873384,0.17453292519943295,-0.021668816250243004,0.6114016406854805,1.3460946317123632,0.17453292519943295
-0.04010206654405173,0.07669293551388588,0.37370759926076874,0.17453292519943295,-0.021678631284728887,0.6116286313338923,1.3440753255948048,0.17453292519943295
-0.040106142383127256,0.07528369086899367,0.3727152921534118,0.17453292519943295,-0.021690249178795803,0.6116048542918104,1.3414963314066723,0.17453292519943295
-0.04010834539286243,0.0738701801739729,0.37171344907967924,0.17453292519943295,-0.021701770972732102,0.6113327635036562,1.3383628309576134,0.17453292519943295
-0.04011294315514476,0.07245281584683924,0.3707021684503451,0.17453292519943295,-0.021716593736778995,0.6108148340324376,1.3346835521596114,0.17453292519943295
-0.04011629056884649,0.07103023639230596,0.36968084504917814,0.17453292519943295,-0.02173155277502172,0.610055249914216,1.3304768027528335,0.17453292519943295
-0.04011941992411531,0.06960322806843007,0.36864974563301073,0.17453292519943295,-0.021747345355515774,0.6090546612850465,1.325740561096301,0.17453292519943295
-0.04012249388099281,0.068171519674749,0.36760871944858764,0.17453292519943295,-0.021763678096836134,0.6078153979092249,1.3204842848613887,0.17453292519943295
-0.040125545066527823,0.0667350376568367,0.3665576929804751,0.17453292519943295,-0.02178127118958593,0.606338531653846,1.3147101570495503,0.17453292519943295
-0.040128450144161845,0.06529422223355717,0.36549673735499333,0.17453292519943295,-0.02179939519474524,0.6046250743705873,1.3084200141934015,0.17453292519943295
-0.040131317768969256,0.06384824548515249,0.3644255395783191,0.17453292519943295,-0.021818792713803107,0.602677065126369,1.3016245641764406,0.17453292519943295
-0.04014572016004772,0.06240138762464866,0.36334601251830084,0.17453292519943295,-0.021849554904725576,0.6004920466904541,1.294307075958097,0.17453292519943295
-0.04015062159708023,0.06094536365543753,0.36225391656049477,0.17453292519943295,-0.02187073944092705,0.5980774741034868,1.2865097889106365,0.17453292519943295
-0.04014060622864014,0.059481979756313676,0.36115034950948577,0.17453292519943295,-0.02188050988022848,0.5954324866689799,1.2782244144461627,0.17453292519943295
-0.04014258404068794,0.05801809315670144,0.36003852301209616,0.17453292519943295,-0.021904881502372568,0.5925529040962224,1.2694310123963224,0.17453292519943295
-0.04014573904695876,0.056548532655699923,0.3589158357011073,0.17453292519943295,-0.02192897597478448,0.589441990572743,1.260147099565527,0.17453292519943295
-0.040148037488904796,0.055073870177005144,0.3577825443477137,0.17453292519943295,-0.021952979641643264,0.5861000147166439,1.2503759786980142,0.17453292519943295
-0.040149655077743915,0.05359442079464519,0.35663867984870123,0.17453292519943295,-0.021977526346746098,0.5825265392854514,1.2401165439756114,0.17453292519943295
-0.04015186124510366,0.05211017617400798,0.3554841508986587,0.17453292519943295,-0.022003557099003583,0.5787213024951529,1.229370333102777,0.17453292519943295
-0.04015409716512078,0.05062077200279604,0.35431876972670845,0.17453292519943295,-0.022029939770123425,0.5746842359780311,1.218140820929648,0.17453292519943295
-0.04015619384233298,0.049126323724517335,0.3531425058833771,0.17453292519943295,-0.022056850430494906,0.5704144635683723,1.2064266682653149,0.17453292519943295
-0.04015829366281516,0.04762657906515574,0.3519552027760878,0.17453292519943295,-0.02208425606554644,0.5659114764670121,1.1942310401849952,0.17453292519943295
-0.04016028135091946,0.04612210121863335,0.35075697167387276,0.17453292519943295,-0.02211249842783559,0.5611731183141616,1.1815445027395832,0.17453292519943295
-0.040141911316219074,0.04460839620474951,0.3495457172276065,0.17453292519943295,-0.02212102514975381,0.5562018441568489,1.1683891369582344,0.17453292519943295
-0.040162103639855076,0.04309614414854538,0.34832639413547606,0.17453292519943295,-0.022166180297370185,0.5509882526417569,1.1547237200566585,0.17453292519943295
-0.04016581062440961,0.041575849646608834,0.34709435666679705,0.17453292519943295,-0.022196196198005967,0.5455368369573298,1.1405762511652557,0.17453292519943295
-0.040167732461429455,0.04004992262678346,0.34585078216214515,0.17453292519943295,-0.022225530573292095,0.5398438580312356,1.1259380739332747,0.17453292519943295
-0.04016834925913405,0.0385199964315719,0.3445962584477986,0.17453292519943295,-0.0222568177200453,0.5339044700664036,1.1107876644960832,0.17453292519943295
-0.04017097016683669,0.0369825110782187,0.34332910988086646,0.17453292519943295,-0.022285307270230367,0.5277192505811149,1.0951489892061292,0.17453292519943295
-0.04017293521742421,0.03544140903176155,0.34205108066691614,0.17453292519943295,-0.022317821725672243,0.5212816265282448,1.0789927849884537,0.17453292519943295
-0.0401745369821385,0.033893955245106216,0.3407608079870556,0.17453292519943295,-0.02234824743816227,0.5145890028918546,1.06232134783838,0.17453292519943295
-0.040176021670553036,0.03234112812328552,0.3394586495847782,0.17453292519943295,-0.022379478071287675,0.5076356760964505,1.0451181238838125,0.17453292519943295
-0.040177604255398104,0.030782280529800275,0.33814427325505936,0.17453292519943295,-0.02240957439967682,0.5004192113247494,1.0273941000305682,0.17453292519943295
-0.04017907772807231,0.029217991726461334,0.3368177978785747,0.17453292519943295,-0.022440173742544946,0.4929311496191259,1.0091179667973478,0.17453292519943295
-0.04019051129631354,0.02765134839886362,0.33548102723669226,0.17453292519943295,-0.02248162637880877,0.4851627722416455,0.9902627987716458,0.17453292519943295
-0.04018185563113239,0.026072156688026017,0.3341276642262759,0.17453292519943295,-0.022499271009520483,0.4771166613534911,0.9708840232991082,0.17453292519943295
-0.040182969973247176,0.024490881614468874,0.33276421600181855,0.17453292519943295,-0.022528219103197206,0.4687738543324576,0.9508897902289966,0.17453292519943295
-0.0401842751268857,0.022903245285936544,0.3313877868196592,0.17453292519943295,-0.02255786656560371,0.46012923779426834,0.9302936488755066,0.17453292519943295
-0.04018612632587668,0.02131080977089934,0.32999911246965996,0.17453292519943295,-0.02259039946464351,0.4511690536156838,0.9090548180948963,0.17453292519943295
-0.04018673478225075,0.01971006343011282,0.32859645775712437,0.17453292519943295,-0.022615943393080692,0.44188858702724204,0.8871942088521155,0.17453292519943295
-0.04018782500842699,0.018104391153566546,0.32718129784889144,0.17453292519943295,-0.022644131165558433,0.43226658863888545,0.8646396785256288,0.17453292519943295
-0.04018891905946478,0.016492578830022152,0.32575296074194476,0.17453292519943295,-0.022671754902687906,0.4222897686285336,0.8413749847727571,0.17453292519943295
-0.040190039453096675,0.014874316622075981,0.3243112130717411,0.17453292519943295,-0.02269850074319863,0.4119434041543588,0.8173808233510128,0.17453292519943295
-0.040191000377434866,0.013251191489079557,0.3228566815650523,0.17453292519943295,-0.022727030013619882,0.40119434903987017,0.7925544920067612,0.17453292519943295
-0.04019194810904415,0.011620592729367633,0.3213879925339846,0.17453292519943295,-0.02275170246929283,0.39003152806330454,0.7669135130064859,0.17453292519943295
-0.04019287224522788,0.009983636640054654,0.3199055725829935,0.17453292519943295,-0.022775000778674486,0.3784218338389599,0.7403768983057618,0.17453292519943295
-0.04020948101013898,0.008342990059720905,0.3184110926749633,0.17453292519943295,-0.02281468933900756,0.3663252823817949,0.712846696365284,0.17453292519943295
-0.040212338160360815,0.006693315658937183,0.3169007427264802,0.17453292519943295,-0.02283672414418143,0.3537175694424465,0.6843127145482168,0.17453292519943295
-0.040181035516330496,0.005029854726536348,0.31537185597205014,0.17453292519943295,-0.022815036914115468,0.3405602550769774,0.6547082087681035,0.17453292519943295
-0.04019503224171125,0.0033697240327841553,0.31383493975287924,0.17453292519943295,-0.02284400489016063,0.3267669675364014,0.6237898494124937,0.17453292519943295
-0.04019557343809957,0.0017011681495344376,0.31228217446440804,0.17453292519943295,-0.02285545221107763,0.3122679984374554,0.5914367242102831,0.17453292519943295
-0.040198602281286425,2.329835945364571e-05,0.3107136093641343,0.17453292519943295,-0.02285690345423758,0.297043149759732,0.557681756215318,0.17453292519943295
-0.04019712888621572,-0.0016599951379695317,0.3091309214604931,0.17453292519943295,-0.02284607574056303,0.2809246917223243,0.5221047763180167,0.17453292519943295
-0.040198357707408316,-0.0033511603745698584,0.30753266903716625,0.17453292519943295,-0.022817622164347403,0.26381104573038894,0.4845330352473946,0.17453292519943295
-0.040198963050928446,-0.00504929824834531,0.3059192456457402,0.17453292519943295,-0.022746668957423385,0.2454969650345564,0.4445230623028796,0.17453292519943295
-0.04019415347071393,-0.005040997035172383,0.30592295182540025,0.17453292519943295,-0.022636245533481095,0.24448091053605447,0.4416684160947842,0.17453292519943295
-0.040274746158796934,0.020530884698232253,0.3594232815517381,0.17453292519943295,-0.02264647948926697,0.24357790617640965,0.44174387690474576,0.17453292519943295
-0.04028886402073136,0.04306130544189726,0.40683669583809523,0.17453292519943295,-0.022607704616348395,0.24242857135350923,0.44103470548209506,0.17453292519943295
-0.04024499688529936,0.06347929705739917,0.45002378614389643,0.17453292519943295,-0.022544214301640674,0.241336820223463,0.4404473112654111,0.17453292519943295
-0.04019654568982474,0.0823679898345666,0.4901326299360463,0.17453292519943295,-0.022510414919285265,0.2403224815532676,0.4400630150756611,0.17453292519943295
-0.04013713984550061,0.09998604775228084,0.5275908812145432,0.17453292519943295,-0.022485590343107972,0.2393544058234255,0.4398167039943299,0.17453292519943295
-0.0400460986850846,0.11640751531480265,0.5624701733188281,0.17453292519943295,-0.022434819146233135,0.23840500194305925,0.43960691271720864,0.17453292519943295
-0.03995548440610508,0.13177182565608103,0.5950602660146603,0.17453292519943295,-0.0223937058960354,0.23747889123688717,0.4394646126881939,0.17453292519943295
-0.039865195829507885,0.14622979834546015,0.6257101256435067,0.17453292519943295,-0.02236817546590073,0.2365638462076307,0.4393892062531584,0.17453292519943295
-0.03977784083357429,0.15971926141672418,0.6541863453654136,0.17453292519943295,-0.02233944703757755,0.2356578163649461,0.43932554981030253,0.17453292519943295
-0.04126454762530414,0.170164755448328,0.6737356174640629,0.17453292519943295,-0.02256427308466711,0.23529538765166583,0.4395158448382393,0.17453292519943295
-0.041170737921381054,0.18225094361186578,0.6991453702534894,0.17453292519943295,-0.02264227257791885,0.23436017897686154,0.4395271980116584,0.17453292519943295
-0.04108003218060862,0.1937934917588454,0.723386877477128,0.17453292519943295,-0.022716107307504237,0.23342155632054584,0.43953182767312016,0.17453292519943295
-0.041009883375724025,0.20484165075305996,0.746571668718217,0.17453292519943295,-0.022788197893425805,0.2324797171311279,0.4395302232760411,0.17453292519943295
-0.04094403691283798,0.21543656229148841,0.7687787549131487,0.17453292519943295,-0.022857571667504944,0.2315347480698333,0.4395222581119306,0.17453292519943295
-0.040855217223837136,0.22561559924037394,0.7901019845577296,0.17453292519943295,-0.022923776705003927,0.2305861346859755,0.43950741440542385,0.17453292519943295
-0.04077162319948266,0.23540990546135857,0.8106029055506208,0.17453292519943295,-0.022987025022817888,0.22963421158460579,0.4394859706008378,0.17453292519943295
-0.04068780906205098,0.24484575513261259,0.8303238027790546,0.17453292519943295,-0.023047541627232795,0.22867924148063384,0.43945814002389594,0.17453292519943295
-0.03928093086440387,0.25476372214965604,0.8524561704286415,0.17453292519943295,-0.022337227574578733,0.22743805402190773,0.43915978797634597,0.17453292519943295
-0.03919593769618063,0.2637653943840204,0.8714624786940433,0.17453292519943295,-0.022364198468718764,0.22647545488532309,0.4391186092009831,0.17453292519943295
-0.03913145292887406,0.27218407711806303,0.8889062125007764,0.17453292519943295,-0.022382547603734808,0.2255266056631914,0.43907786014172606,0.17453292519943295
-0.03906950008995467,0.2802950797325644,0.9056361783286832,0.17453292519943295,-0.02240143551278827,0.22457573819536078,0.43903157718792046,0.17453292519943295
-0.03890514733698143,0.2881270069790087,0.9217168748774631,0.17453292519943295,-0.022365955382807376,0.22361807357139654,0.4389727800014584,0.17453292519943295
-0.03884114563366573,0.2957701625473109,0.9374392436686158,0.17453292519943295,-0.02238166826537642,0.22265570051713937,0.43891137403813396,0.17453292519943295
-0.03878267828204357,0.3030140588033264,0.9520416867083519,0.17453292519943295,-0.022386233612657448,0.22169971750152004,0.43884799818706427,0.17453292519943295
-0.03871417988049923,0.31035983932020816,0.9673087469724202,0.17453292519943295,-0.02240676855481073,0.2207182598234678,0.43876727773881746,0.17453292519943295
-0.03866178099817856,0.3173301801653726,0.9815034852971714,0.17453292519943295,-0.022425738763274552,0.21974684898264882,0.4386874639619025,0.17453292519943295
-0.038597348684963326,0.32412502881371746,0.9953366834412302,0.17453292519943295,-0.022434209034900603,0.21876660297546252,0.43859710513665684,0.17453292519943295
-0.0385723433621952,0.33073426611144624,1.0087580517450883,0.17453292519943295,-0.022470866396334593,0.21778881061711383,0.43850588905428745,0.17453292519943295
-0.038501711421134004,0.33715346878125785,1.0217358484800536,0.17453292519943295,-0.0224725689047671,0.2167994475778223,0.4384004273581726,0.17453292519943295
-0.0384472711408428,0.3434203239525581,1.0344065047399376,0.17453292519943295,-0.02248746612969916,0.21580827452381698,0.4382904105787634,0.17453292519943295
-0.038396070353210396,0.3494958730352689,1.0466001136841447,0.17453292519943295,-0.02250120819785029,0.2148152515591627,0.43817460623947296,0.17453292519943295
-0.038346372131342635,0.35541653447162014,1.0584504245304702,0.17453292519943295,-0.022517002918357402,0.2138192045153392,0.43805253537029865,0.17453292519943295
-0.03829613688330187,0.3611849851336052,1.0699575966645478,0.17453292519943295,-0.022529979751674253,0.21281840101732769,0.43792284941326287,0.17453292519943295
-0.03824801168615625,0.3668103325066474,1.0811501288118355,0.17453292519943295,-0.022542816709080246,0.2118127527568672,0.4377856696591832,0.17453292519943295
-0.03820007029418139,0.372275094636996,1.0919368724364493,0.17453292519943295,-0.022555899987437997,0.21080659456117695,0.4376435373740676,0.17453292519943295
-0.03815316009019224,0.3776127391123237,1.102457071774625,0.17453292519943295,-0.022568317003066933,0.2097952758927477,0.4374936845778749,0.17453292519943295
-0.038094083611061744,0.382814994437923,1.1126609061917538,0.17453292519943295,-0.022567444030948666,0.20877734591722252,0.4373342852692175,0.17453292519943295
-0.03807370754829289,0.38788345810356567,1.1225508789889556,0.17453292519943295,-0.022599025840747643,0.20776481866818486,0.43717593470859284,0.17453292519943295
-0.03803579954211822,0.39281895641964615,1.1321118631910252,0.17453292519943295,-0.022618211885609724,0.2067452417019528,0.43700769260725664,0.17453292519943295
-0.0379779852885834,0.39763884867707,1.1414165924708315,0.17453292519943295,-0.02261357821024671,0.2057170153240339,0.4368279176998061,0.17453292519943295
-0.037935725559888604,0.40233415126290734,1.1504164768789258,0.17453292519943295,-0.0226216178740191,0.2046892244926044,0.4366447287297109,0.17453292519943295
-0.037896664952970234,0.4069095237223907,1.1591222362770783,0.17453292519943295,-0.02263349600422913,0.20365948560138086,0.4364559466979197,0.17453292519943295
-0.03785939178436789,0.4113765819332887,1.1675829186519011,0.17453292519943295,-0.022642881733512487,0.2026244509705386,0.43625920596213047,0.17453292519943295
-0.03782104931597735,0.41573015296202964,1.1757624674423621,0.17453292519943295,-0.022650662106509494,0.20158704089862128,0.43605625037297097,0.17453292519943295
-0.037783684235228605,0.4199747641802603,1.1836754042559365,0.17453292519943295,-0.022659627371090903,0.20054728600235322,0.4358472669030742,0.17453292519943295
-0.03774847791683649,0.4241141410684314,1.1913325593194968,0.17453292519943295,-0.02266797802133149,0.19950369653739886,0.43563126351778086,0.17453292519943295
-0.03771749930360276,0.4281635484505717,1.1988065061686568,0.17453292519943295,-0.022675467778236442,0.1984545066252663,0.43540727301022275,0.17453292519943295
-0.03768435756447793,0.43209971740448194,1.205966099634881,0.17453292519943295,-0.02268314000999469,0.1974045573854021,0.43517804206953814,0.17453292519943295
-0.03765354486332142,0.4359393312023627,1.2128920296965342,0.17453292519943295,-0.02269036298981152,0.19635108331711543,0.43494196755327613,0.17453292519943295
-0.03762270915575622,0.4396820144264595,1.2195747502067542,0.17453292519943295,-0.022697510376051003,0.19529473251925417,0.4346994406422068,0.17453292519943295
-0.037588033035122,0.44333435920827613,1.226041007063094,0.17453292519943295,-0.02269873717876504,0.19423297815352678,0.4344485345962613,0.17453292519943295
-0.03757520046457303,0.44688492047605266,1.2322314699845254,0.17453292519943295,-0.022717267838457133,0.19317463488911477,0.43419606187421805,0.17453292519943295
-0.03755443042070775,0.4503546549793005,1.2382419398882252,0.17453292519943295,-0.022732566997863364,0.19211031204969914,0.43393511652904015,0.17453292519943295
-0.03751436152384654,0.453738991287332,1.244040055020211,0.17453292519943295,-0.022723422003048728,0.1910373353640902,0.43366252685894163,0.17453292519943295
-0.03748960832354252,0.4570333113198477,1.2496051356857079,0.17453292519943295,-0.022728213141503053,0.18996474001962416,0.43338640655587857,0.17453292519943295
-0.03746528119633048,0.460242061678136,1.254951446865439,0.17453292519943295,-0.022734095381036348,0.18888976933545212,0.4331041205516867,0.17453292519943295
-0.03744497166648706,0.4633700969452732,1.260100548747523,0.17453292519943295,-0.022739637429868183,0.18781022084409854,0.4328143595883078,0.17453292519943295
-0.03742451583087209,0.4664156647841248,1.2650375813103203,0.17453292519943295,-0.02274562745374399,0.18672819344528627,0.4325183185061263,0.17453292519943295
-0.037404141263635414,0.46938174102774055,1.2697738964373977,0.17453292519943295,-0.022749394615049157,0.18564272608628238,0.43221528375783735,0.17453292519943295
-0.03738407351947891,0.47226760545036867,1.2743014973442592,0.17453292519943295,-0.022754509444013228,0.18455504615252435,0.4319061285324596,0.17453292519943295
-0.03736725027967576,0.4750777398625061,1.2786409346564738,0.17453292519943295,-0.022759138325871796,0.18346325249203604,0.43158971994971534,0.17453292519943295
-0.03735103568489508,0.4778114731339813,1.2827841424849962,0.17453292519943295,-0.022763619401097595,0.18236834938155316,0.43126659711921755,0.17453292519943295
-0.03733535468378547,0.4804700836931002,1.2867343181913273,0.17453292519943295,-0.022767786345604273,0.18127033021849698,0.430936727265376,0.17453292519943295
-0.03730278790679549,0.48305983430326377,1.290515784868598,0.17453292519943295,-0.022749189773588398,0.18016484151890327,0.4305960730102737,0.17453292519943295
-0.037306852213680734,0.48556957093953645,1.2940828952641592,0.17453292519943295,-0.022773277849804954,0.17906368526504907,0.43025591777355,0.17453292519943295
-0.03729583356427252,0.48801038264255747,1.2974755349033351,0.17453292519943295,-0.022779069649957892,0.17795602868158936,0.42990579407319607,0.17453292519943295
-0.037285447867849125,0.4903807584471682,1.300687650751146,0.17453292519943295,-0.022782861292289996,0.176844879512439,0.4295485804291483,0.17453292519943295
-0.03727566544109343,0.49268101634456646,1.303718235098086,0.17453292519943295,-0.022786401426602754,0.17573068162334415,0.429184591340323,0.17453292519943295
-0.03726618890509154,0.49491268352008677,1.3065727796055662,0.17453292519943295,-0.022787854563576102,0.17461300123222342,0.42881348551518766,0.17453292519943295
-0.03725972758455361,0.4970762728974721,1.3092523892439596,0.17453292519943295,-0.022792812004558956,0.17349232538674722,0.4284358796828632,0.17453292519943295
-0.03725352802167318,0.49917293059839146,1.3117601174374105,0.17453292519943295,-0.022796252238246453,0.17236818497593823,0.42805118115113383,0.17453292519943295
-0.03724726099504032,0.501202429507164,1.3140927240980296,0.17453292519943295,-0.022799734541345165,0.1712416072539224,0.4276599803900072,0.17453292519943295
-0.03724333442229899,0.5031669540419765,1.3162603070157048,0.17453292519943295,-0.022802683989659667,0.17011093426039517,0.42726141589148875,0.17453292519943295
-0.03722362224661445,0.5050705775742119,1.3182764647762857,0.17453292519943295,-0.022785663405441425,0.168973247217936,0.42685237297140893,0.17453292519943295
-0.03723561504259005,0.5069030422620951,1.320101556342466,0.17453292519943295,-0.0228049108025316,0.16783921254314324,0.4264428604798013,0.17453292519943295
-0.0372359874139749,0.5086745693102198,1.3217732991024838,0.17453292519943295,-0.022810030557660562,0.16669837622932,0.42602340258156957,0.17453292519943295
-0.03723541380305051,0.5103827056088758,1.3232810641160093,0.17453292519943295,-0.022813090242165893,0.1655547481353306,0.4255970604596923,0.17453292519943295
-0.03722300360166725,0.5120322871695508,1.324644706564927,0.17453292519943295,-0.022802268453339197,0.1644052558791968,0.4251612490666519,0.17453292519943295
-0.037236019232432624,0.513612891075946,1.3258217707430882,0.17453292519943295,-0.02281511030888425,0.16325712598188377,0.4247228240040457,0.17453292519943295
-0.037239297604133,0.5151345292832973,1.3268511074274054,0.17453292519943295,-0.022820386170778778,0.16210438328880572,0.42427594701794596,0.17453292519943295
-0.03724395569761498,0.5165960618822252,1.3277293867671285,0.17453292519943295,-0.022822321956497065,0.16094679774954834,0.4238210190620455,0.17453292519943295
-0.03724851286741478,0.5179937236116514,1.3284362682306163,0.17453292519943295,-0.022825038457482474,0.15978999830738047,0.4233608950871575,0.17453292519943295
-0.03725416602429338,0.5193356498508752,1.329012518664267,0.17453292519943295,-0.022826946601867387,0.1586249700819816,0.4228914667715882,0.17453292519943295
-0.037261087882333704,0.5206166069692826,1.3294309516315486,0.17453292519943295,-0.02282912322882082,0.15745788046483833,0.42241549143201673,0.17453292519943295
-0.037279412169499225,0.5218344978048783,1.329683277913752,0.17453292519943295,-0.022840424619092085,0.1562905188186025,0.42193469067151046,0.17453292519943295
-0.037289006009876446,0.5229965896634587,1.329799835979848,0.17453292519943295,-0.0228439106248016,0.15511685467354794,0.4214444085283372,0.17453292519943295
-0.037286499645281045,0.524105252160567,1.329791288129056,0.17453292519943295,-0.022835288282092858,0.15393678101270877,0.42094450856525145,0.17453292519943295
-0.037296576084928375,0.5251509799024363,1.3296161607054366,0.17453292519943295,-0.02283607095286797,0.15275615380352411,0.42043967809510685,0.17453292519943295
-0.03730855687088521,0.5261385395227642,1.3292951552963541,0.17453292519943295,-0.02283850612914229,0.15157224071945868,0.41992777931358977,0.17453292519943295
-0.037321196885528964,0.5270682954301049,1.3288294443566553,0.17453292519943295,-0.022840312362019295,0.15038478914702422,0.4194085178926233,0.17453292519943295
-0.03733533468084665,0.5279392885333717,1.3282140582754443,0.17453292519943295,-0.0228413528360151,0.1491945822898901,0.41888221500472106,0.17453292519943295
-0.03734880807158593,0.5287550758287675,1.3274665242034072,0.17453292519943295,-0.022842278049459944,0.1479997977250025,0.4183480472770672,0.17453292519943295
-0.0373663771279051,0.5295113997666255,1.3265660282676182,0.17453292519943295,-0.022844241755795733,0.14680262467024785,0.4178071378332185,0.17453292519943295
-0.037383687271745396,0.5302119457462741,1.325530309897269,0.17453292519943295,-0.022845519511867755,0.14560163058717215,0.4172586200178339,0.17453292519943295
-0.03740112014290431,0.530856190450101,1.324356728471558,0.17453292519943295,-0.022846703035751478,0.144397067987948,0.41670266766489206,0.17453292519943295
-0.037412624089658564,0.5314470907100506,1.3230589256943706,0.17453292519943295,-0.022843941486223443,0.14318740610050243,0.4161381565307063,0.17453292519943295
-0.03743772468682934,0.5319760734132404,1.321598021121952,0.17453292519943295,-0.022848529818826888,0.14197740039264758,0.4155684346579248,0.17453292519943295
-0.03746839021842286,0.5324491892226656,1.3200033047971174,0.17453292519943295,-0.02286385480884886,0.1407655366817925,0.4149929469855215,0.17453292519943295
-0.0374925928172251,0.5328688355816922,1.3182838273480948,0.17453292519943295,-0.022872047746816327,0.13954768620692234,0.41440798632039577,0.17453292519943295
-0.03748501114455113,0.5332397225100751,1.3164571058466858,0.17453292519943295,-0.022839435785112525,0.1383182691762347,0.4138083120870785,0.17453292519943295
-0.037517501101671694,0.533545365567285,1.3144582020240803,0.17453292519943295,-0.022852449028012266,0.13709616934881633,0.4132101726520964,0.17453292519943295
-0.03754252114228868,0.5337969806716333,1.3123318137368958,0.17453292519943295,-0.022856215554083358,0.13586776928978903,0.4126023347137507,0.17453292519943295
-0.03756368630122324,0.5339954596656149,1.3100848365480495,0.17453292519943295,-0.022857311975531123,0.1346345676163236,0.4119861178972222,0.17453292519943295
-0.03758558148576064,0.5341374373951364,1.307700407462845,0.17453292519943295,-0.022855267927342764,0.1333981196784963,0.4113621848624247,0.17453292519943295
-0.03761207796565625,0.5342229694795408,1.3051804067219097,0.17453292519943295,-0.022857616347715392,0.13215887657377012,0.41073130426981175,0.17453292519943295
-0.03763750670175595,0.5342540821674077,1.3025347664776517,0.17453292519943295,-0.022858624505486133,0.13091560424263923,0.4100924136230452,0.17453292519943295
-0.03766240184808938,0.5342302902908235,1.2997613969673096,0.17453292519943295,-0.022859349803746678,0.12966850445039466,0.4094457015414333,0.17453292519943295
-0.037691142978062336,0.5341493782445305,1.2968496184893703,0.17453292519943295,-0.02286081816762145,0.12841820795773587,0.40879149372695794,0.17453292519943295
-0.03770383151364789,0.5340193817408094,1.2938388953266444,0.17453292519943295,-0.02285009704046388,0.12716104229641553,0.4081268895656732,0.17453292519943295
-0.03771993621216116,0.5338316569080752,1.2906873299818207,0.17453292519943295,-0.022835643367861126,0.12590177281245304,0.407455031038452,0.17453292519943295
-0.037776397094990206,0.5335801510083105,1.2873733569110353,0.17453292519943295,-0.022870391986223756,0.12464733939264451,0.4067834799220889,0.17453292519943295
-0.037815571299634115,0.5332786302614481,1.2839564857314192,0.17453292519943295,-0.02288745355710611,0.12338322332092898,0.40609955409420073,0.17453292519943295
-0.03782322992031628,0.5329270731540602,1.2804329539008268,0.17453292519943295,-0.022864040845094656,0.12210980745648108,0.40540173966974385,0.17453292519943295
-0.037864596410439766,0.5325135852552498,1.2767564741742041,0.17453292519943295,-0.022876244681695933,0.12084006406331302,0.40470243971200043,0.17453292519943295
-0.03788335259090458,0.5320494595998886,1.2729747317898916,0.17453292519943295,-0.022866063605033893,0.11956137615832077,0.40399088445375136,0.17453292519943295
-0.03791458612055721,0.5315279799014153,1.2690609899503988,0.17453292519943295,-0.022867305108079317,0.11828180182561092,0.40327361045928684,0.17453292519943295
-0.037943835319910225,0.530951219878948,1.2650231986125127,0.17453292519943295,-0.022866606038588446,0.11699786323561452,0.40254784988845665,0.17453292519943295
-0.0379748589129563,0.5303185690346573,1.2608598234301946,0.17453292519943295,-0.022867282802381657,0.11571037149526611,0.4018142058195338,0.17453292519943295
-0.038005173078295124,0.5296305746869482,1.2565742518382368,0.17453292519943295,-0.022867334936035558,0.11441884061523706,0.4010722940980387,0.17453292519943295
-0.038036739547629594,0.5288864655038377,1.2521632673451273,0.17453292519943295,-0.02286777180822486,0.11312365286400627,0.4003223130526321,0.17453292519943295
-0.03806923621988163,0.5280861425589439,1.247627030422713,0.17453292519943295,-0.022868054475251337,0.11182475702942601,0.39956416164637587,0.17453292519943295
-0.038101864046554405,0.5272299672017859,1.2429685796490342,0.17453292519943295,-0.022868472262998714,0.11052193032792247,0.39879775681969176,0.17453292519943295
-0.038122022924615286,0.5263210081139154,1.238203614678431,0.17453292519943295,-0.022858528105862315,0.10921178872693867,0.39802050724143107,0.17453292519943295
-0.0381652293543145,0.5253495950977771,1.2332854023238795,0.17453292519943295,-0.02286835814915126,0.10790442162914617,0.39723987134552896,0.17453292519943295
-0.038199339900993355,0.5243244960379361,1.2282584245971682,0.17453292519943295,-0.02286941437444889,0.10658996995677941,0.39644857664811817,0.17453292519943295
-0.03823580738371836,0.5232423320297281,1.2231066038134564,0.17453292519943295,-0.022869917591900376,0.1052722297119497,0.39564911749174186,0.17453292519943295
-0.03826762438232601,0.5221042521015783,1.2178361411655665,0.17453292519943295,-0.022869234348913095,0.10394918401869901,0.39484051285634697,0.17453292519943295
-0.03830543500002802,0.520908435213046,1.212440356114466,0.17453292519943295,-0.02287076766852474,0.10262357431461289,0.394024234987226,0.17453292519943295
-0.03834121099842046,0.5196556290992752,1.2069223625436953,0.17453292519943295,-0.022871172410698037,0.10129337496609897,0.39319905459831433,0.17453292519943295
-0.03837804542725517,0.5183451498577073,1.201280119077055,0.17453292519943295,-0.022871356038101923,0.09995929362414445,0.3923653259963886,0.17453292519943295
-0.03841395570058547,0.5169776339159616,1.1955188967672927,0.17453292519943295,-0.022871652836200032,0.09862098216378234,0.3915229147483252,0.17453292519943295
-0.038450627599373816,0.5155519526325895,1.1896328993631142,0.17453292519943295,-0.022872068052797272,0.09727878264052807,0.3906719063122194,0.17453292519943295
-0.038500795394516514,0.5140672140661238,1.1836230419955884,0.17453292519943295,-0.02289028657104762,0.09593644677371976,0.38981569518057724,0.17453292519943295
-0.03850000372409988,0.5125315625979173,1.1775211638244873,0.17453292519943295,-0.022850473564310317,0.09457802295174608,0.3889396930091192,0.17453292519943295
-0.03857157781965195,0.5109246497433666,1.1712369985130882,0.17453292519943295,-0.022884039716616296,0.09323183654637918,0.3880693197715562,0.17453292519943295
-0.03859521496521346,0.5092680283035217,1.164875356882074,0.17453292519943295,-0.022873773371978372,0.09186954055411861,0.38718037646141396,0.17453292519943295
-0.038633948805370674,0.5075491119466617,1.1583741043641227,0.17453292519943295,-0.022874539787785596,0.09050684064860136,0.3862853847770961,0.17453292519943295
-0.03867006928166153,0.5057708400213928,1.1517490798677505,0.17453292519943295,-0.022871214932915516,0.08913966298098237,0.38538094710706916,0.17453292519943295
-0.0387137051621791,0.5039318157351393,1.1449964019796461,0.17453292519943295,-0.022874260566155144,0.0877695410301078,0.38446861632821244,0.17453292519943295
-0.03874942436791614,0.5020339045042026,1.1381260096517767,0.17453292519943295,-0.02287354834221233,0.08639348553628592,0.3835461409245322,0.17453292519943295
-0.03879096464817049,0.5000744949502588,1.1311261577892424,0.17453292519943295,-0.022873964943551487,0.08501462099534006,0.38261529456154375,0.17453292519943295
-0.038830580484793,0.4980543260455311,1.124001730630055,0.17453292519943295,-0.02287394988024284,0.08363087356112973,0.3816749647215367,0.17453292519943295
-0.03887146147765506,0.49597239518925706,1.1167488408537436,0.17453292519943295,-0.022874146731464873,0.08224298849842873,0.380725494539556,0.17453292519943295
-0.03892112095631592,0.4938253555873982,1.1093443757871397,0.17453292519943295,-0.022874235202462317,0.08085246521259858,0.37976741732547065,0.17453292519943295
-0.03895082679664542,0.49162362571273677,1.1018707266583745,0.17453292519943295,-0.022874373829022365,0.07945388643204057,0.3787985230429614,0.17453292519943295
-0.03899105904565269,0.48935512586876967,1.0942388504227833,0.17453292519943295,-0.022874478270773754,0.07805287966405298,0.37782101211642033,0.17453292519943295
-0.03905424615448743,0.4870200367904147,1.0864602407607395,0.17453292519943295,-0.022897612439770586,0.07665190746815395,0.37683837207163196,0.17453292519943295
-0.0390928607643455,0.48462525490499153,1.0785769654621844,0.17453292519943295,-0.0228977414579513,0.07524197509253079,0.3758418749582445,0.17453292519943295
-0.03910953077575817,0.48216820146358014,1.0705714832571493,0.17453292519943295,-0.022876254954327248,0.07382314781365716,0.37483151606609083,0.17453292519943295
-0.03914812658025238,0.47964376853559376,1.062424548114882,0.17453292519943295,-0.022874864429598955,0.0724040706278488,0.37381556819983497,0.17453292519943295
-0.039193859852738905,0.47705214257473666,1.0541336790224427,0.17453292519943295,-0.022877232524827328,0.0709819698510465,0.37279091649067986,0.17453292519943295
-0.039230901443236606,0.474396044992877,1.0457225283611182,0.17453292519943295,-0.022877067936815217,0.06955332153248595,0.3717553865793995,0.17453292519943295
-0.03927162654811542,0.47167214433712307,1.0371704284767664,0.17453292519943295,-0.022875410914545796,0.0681214964702559,0.3707105132906653,0.17453292519943295
-0.039309247598810604,0.46888100059204374,1.0284855169066338,0.17453292519943295,-0.02287496229538993,0.06668380170936812,0.3696552745485596,0.17453292519943295
-0.03934272732995096,0.4660221064580335,1.01966929917713,0.17453292519943295,-0.022868396792505376,0.0652406399388313,0.3685889724191463,0.17453292519943295
-0.03939056181618584,0.4630916568024824,1.0106979049677327,0.17453292519943295,-0.022873246774322654,0.06379645783643574,0.3675156584560595,0.17453292519943295
-0.0394314574426961,0.4600922138418947,1.0015951565392178,0.17453292519943295,-0.022875097139504773,0.0623457070583253,0.366430961526924,0.17453292519943295
-0.03948396019901133,0.45702035456097334,0.9923412892356958,0.17453292519943295,-0.022887672700139926,0.060892668136416354,0.3653384921061116,0.17453292519943295
-0.03952239716463264,0.4538775199804469,0.9829472253705502,0.17453292519943295,-0.0228858240520325,0.05943305855404945,0.3642333016426267,0.17453292519943295
-0.03954642184254755,0.4506642889862272,0.9734334402858512,0.17453292519943295,-0.022875861787683544,0.05796398263968686,0.3631145735565985,0.17453292519943295
-0.03958459487812006,0.4473747662756024,0.9637536998405903,0.17453292519943295,-0.022875118634674743,0.0564938148312172,0.36198833866414293,0.17453292519943295
-0.03962393783064239,0.4440098670732487,0.9539242225454178,0.17453292519943295,-0.022876209307012885,0.05501894960749014,0.3608518811869139,0.17453292519943295
-0.03966477287659072,0.44056791580082455,0.9439361901330361,0.17453292519943295,-0.02287610534116588,0.05353998837215188,0.35970511411988737,0.17453292519943295
-0.03969844110048767,0.43704942239573397,0.9338064602302074,0.17453292519943295,-0.02287517434005139,0.05205416948628999,0.3585467538350637,0.17453292519943295
-0.03973558375181281,0.43345109614922,0.9235130482311996,0.17453292519943295,-0.022875047603022784,0.0505643614452304,0.35737819871799054,0.17453292519943295
-0.03977606811071655,0.42977150958979915,0.9130526421735206,0.17453292519943295,-0.022875302340369698,0.04907049413567541,0.35619931539666194,0.17453292519943295
-0.039812594619760854,0.4260102975470588,0.9024348664154824,0.17453292519943295,-0.022875167777430278,0.04757063051756556,0.3550090661581921,0.17453292519943295
-0.039846990502385424,0.42216570285876465,0.8916570741510532,0.17453292519943295,-0.02287515735603939,0.04606546044819498,0.35380776518306556,0.17453292519943295
-0.03988438315479381,0.41823438934891927,0.8806927266576656,0.17453292519943295,-0.022875042425210077,0.04455573455286334,0.3525956163940654,0.17453292519943295
-0.03991798487132143,0.4142166444417821,0.8695710034990061,0.17453292519943295,-0.02287501297404524,0.043040228725576064,0.3513720707333406,0.17453292519943295
-0.03994829815789347,0.4101094424513838,0.8582702972223473,0.17453292519943295,-0.02287487583409945,0.0415188484109148,0.35013693097919213,0.17453292519943295
-0.03997959511494385,0.4059107382321164,0.8467924870109689,0.17453292519943295,-0.02287486803469653,0.03999274097735423,0.34889073171284996,0.17453292519943295
-0.04003204275974197,0.4016163789460541,0.8351072150371074,0.17453292519943295,-0.022891743177287198,0.03846645750994268,0.347637605209399,0.17453292519943295
-0.04004215336074235,0.3972279380876873,0.8232553703293194,0.17453292519943295,-0.022875638301725364,0.03692566656521964,0.34636443289296187,0.17453292519943295
-0.040072586462328745,0.39273932833322306,0.8111944862194578,0.17453292519943295,-0.02287503613158534,0.03538439670139765,0.34508396201359387,0.17453292519943295
-0.04009736819837758,0.3881494531321292,0.7989427468153,0.17453292519943295,-0.022874731526040647,0.03383580607865746,0.3437908700541887,0.17453292519943295
-0.04012538872412935,0.3834540188552522,0.7864736768050794,0.17453292519943295,-0.022876229064169862,0.032282913927549776,0.34248668025712536,0.17453292519943295
-0.04014832279693205,0.3786504824079734,0.773789738060647,0.17453292519943295,-0.022874789342839156,0.03072414669328944,0.34117006320560367,0.17453292519943295
-0.04017302720336552,0.37373484289055275,0.7608806222289164,0.17453292519943295,-0.02287478145882854,0.029160736814496387,0.33984200059091374,0.17453292519943295
-0.04019348602762652,0.368703587515629,0.7477426657812117,0.17453292519943295,-0.022874773389812256,0.02759083563816748,0.3385013307795706,0.17453292519943295
-0.0402114326433001,0.36355240368131087,0.7343660451671025,0.17453292519943295,-0.022874734536544844,0.026015188773246278,0.33714833702611197,0.17453292519943295
-0.040236080633786024,0.3582765579138748,0.7207241590909103,0.17453292519943295,-0.022882185425382014,0.02443715763008623,0.33578576101069363,0.17453292519943295
-0.040260012766277095,0.3528708662980064,0.706841097086431,0.17453292519943295,-0.02289548065659508,0.022850909324154213,0.3344096752561548,0.17453292519943295
-0.040245379384359486,0.34733179439053385,0.6927188753345276,0.17453292519943295,-0.022877053996346812,0.021252647849161914,0.3330141557520835,0.17453292519943295
-0.04024703081048344,0.3416507368957105,0.6782798365626205,0.17453292519943295,-0.02287449053605792,0.019653343661379004,0.33161033108476984,0.17453292519943295
-0.040245523321267275,0.33582256114115905,0.6635544035283577,0.17453292519943295,-0.022875025942311406,0.018048104896574716,0.3301939666940296,0.17453292519943295
-0.04023770122759674,0.32983988391561825,0.6485197652445472,0.17453292519943295,-0.02287621093751218,0.016436839072044306,0.32876463959783475,0.17453292519943295
-0.04021893071722908,0.3236948580305964,0.633158518417309,0.17453292519943295,-0.022874556670258474,0.014819120214270568,0.3273216487256831,0.17453292519943295
-0.040191652708430184,0.3173786786432974,0.6174542518176638,0.17453292519943295,-0.02287420133828041,0.013195307870659978,0.3258655218738759,0.17453292519943295
-0.040151816486225206,0.3108817120693591,0.6013867640084543,0.17453292519943295,-0.022874187310822105,0.01156523158908617,0.3243959613048856,0.17453292519943295
-0.04009631531013371,0.3041937037777279,0.5849406812635046,0.17453292519943295,-0.022874392552840128,0.00992955079558098,0.3229132108788416,0.17453292519943295
-0.04001592876894121,0.2973009216440819,0.5680644255158256,0.17453292519943295,-0.02287417518654148,0.008286888301476954,0.3214163203159275,0.17453292519943295
-0.03990710949040433,0.290191782710229,0.5507603995323028,0.17453292519943295,-0.022874107377472124,0.006637523407464941,0.31990541826454555,0.17453292519943295
-0.03975303808697005,0.28284951063103214,0.5329707382472684,0.17453292519943295,-0.022874036880103654,0.004981871800009268,0.31838056853893726,0.17453292519943295
-0.039546797223250246,0.27525979698771413,0.5146979882282272,0.17453292519943295,-0.02287390105695748,0.003318225480385605,0.31684074768150483,0.17453292519943295
-0.03925818426284483,0.26740498571187943,0.49588724467324163,0.17453292519943295,-0.022882198646425163,0.0016517890194643566,0.31529007573374057,0.17453292519943295
-0.038824664560458966,0.25925607746525503,0.47647670365416733,0.17453292519943295,-0.022874373123233063,-2.7929672885047083e-05,0.3137185475298523,0.17453292519943295
-0.0381630337113478,0.25079259790717234,0.45640433610362924,0.17453292519943295,-0.022873803391617317,-0.0017108504567352905,0.31213555695972456,0.17453292519943295
-0.03263367817955153,0.2425072847424359,0.4351025147390259,0.17453292519943295,-0.02495410119769654,-0.003094300992615868,0.3110000634973951,0.17453292519943295