8.699999999999999400e-02,-6.500000000000000222e-02,1.750000000000000000e+00,1.750000000000000000e+00,8.699999999999999400e-02,-6.500000000000000222e-02,1.750000000000000000e+00,1.750000000000000000e+00
8.702675585284280757e-02,-6.506020066889632580e-02,1.744100334448160483e+00,1.744418060200668918e+00,8.702675585284280757e-02,-6.506020066889632580e-02,1.744100334448160483e+00,1.744418060200668918e+00
8.705351170568560726e-02,-6.512040133779264939e-02,1.738200668896320966e+00,1.738836120401337837e+00,8.705351170568560726e-02,-6.512040133779264939e-02,1.738200668896320966e+00,1.738836120401337837e+00
8.708026755852842082e-02,-6.518060200668895909e-02,1.732301003344481671e+00,1.733254180602006755e+00,8.708026755852842082e-02,-6.518060200668895909e-02,1.732301003344481671e+00,1.733254180602006755e+00
8.710702341137123439e-02,-6.524080267558528268e-02,1.726401337792642154e+00,1.727672240802675674e+00,8.710702341137123439e-02,-6.524080267558528268e-02,1.726401337792642154e+00,1.727672240802675674e+00
8.713377926421403408e-02,-6.530100334448160626e-02,1.720501672240802638e+00,1.722090301003344592e+00,8.713377926421403408e-02,-6.530100334448160626e-02,1.720501672240802638e+00,1.722090301003344592e+00
8.716053511705684764e-02,-6.536120401337792984e-02,1.714602006688963121e+00,1.716508361204013289e+00,8.716053511705684764e-02,-6.536120401337792984e-02,1.714602006688963121e+00,1.716508361204013289e+00
8.718729096989966121e-02,-6.542140468227425343e-02,1.708702341137123826e+00,1.710926421404682207e+00,8.718729096989966121e-02,-6.542140468227425343e-02,1.708702341137123826e+00,1.710926421404682207e+00
8.721404682274247477e-02,-6.548160535117057701e-02,1.702802675585284309e+00,1.705344481605351126e+00,8.721404682274247477e-02,-6.548160535117057701e-02,1.702802675585284309e+00,1.705344481605351126e+00
8.724080267558527446e-02,-6.554180602006688672e-02,1.696903010033444792e+00,1.699762541806020044e+00,8.724080267558527446e-02,-6.554180602006688672e-02,1.696903010033444792e+00,1.699762541806020044e+00
8.726755852842808803e-02,-6.560200668896321030e-02,1.691003344481605275e+00,1.694180602006688963e+00,8.726755852842808803e-02,-6.560200668896321030e-02,1.691003344481605275e+00,1.694180602006688963e+00
8.729431438127090159e-02,-6.566220735785953388e-02,1.685103678929765980e+00,1.688598662207357881e+00,8.729431438127090159e-02,-6.566220735785953388e-02,1.685103678929765980e+00,1.688598662207357881e+00
8.732107023411370128e-02,-6.572240802675585747e-02,1.679204013377926463e+00,1.683016722408026800e+00,8.732107023411370128e-02,-6.572240802675585747e-02,1.679204013377926463e+00,1.683016722408026800e+00
8.734782608695651485e-02,-6.578260869565218105e-02,1.673304347826086946e+00,1.677434782608695718e+00,8.734782608695651485e-02,-6.578260869565218105e-02,1.673304347826086946e+00,1.677434782608695718e+00
8.737458193979932841e-02,-6.584280936454849076e-02,1.667404682274247429e+00,1.671852842809364637e+00,8.737458193979932841e-02,-6.584280936454849076e-02,1.667404682274247429e+00,1.671852842809364637e+00
8.740133779264212810e-02,-6.590301003344481434e-02,1.661505016722407913e+00,1.666270903010033333e+00,8.740133779264212810e-02,-6.590301003344481434e-02,1.661505016722407913e+00,1.666270903010033333e+00
8.742809364548494167e-02,-6.596321070234113793e-02,1.655605351170568618e+00,1.660688963210702251e+00,8.742809364548494167e-02,-6.596321070234113793e-02,1.655605351170568618e+00,1.660688963210702251e+00
8.745484949832775523e-02,-6.602341137123746151e-02,1.649705685618729101e+00,1.655107023411371170e+00,8.745484949832775523e-02,-6.602341137123746151e-02,1.649705685618729101e+00,1.655107023411371170e+00
8.748160535117056880e-02,-6.608361204013378509e-02,1.643806020066889584e+00,1.649525083612040088e+00,8.748160535117056880e-02,-6.608361204013378509e-02,1.643806020066889584e+00,1.649525083612040088e+00
8.750836120401336848e-02,-6.614381270903010868e-02,1.637906354515050067e+00,1.643943143812709007e+00,8.750836120401336848e-02,-6.614381270903010868e-02,1.637906354515050067e+00,1.643943143812709007e+00
8.753511705685618205e-02,-6.620401337792641838e-02,1.632006688963210772e+00,1.638361204013377925e+00,8.753511705685618205e-02,-6.620401337792641838e-02,1.632006688963210772e+00,1.638361204013377925e+00
8.756187290969899562e-02,-6.626421404682274197e-02,1.626107023411371255e+00,1.632779264214046844e+00,8.756187290969899562e-02,-6.626421404682274197e-02,1.626107023411371255e+00,1.632779264214046844e+00
8.758862876254179530e-02,-6.632441471571906555e-02,1.620207357859531738e+00,1.627197324414715762e+00,8.758862876254179530e-02,-6.632441471571906555e-02,1.620207357859531738e+00,1.627197324414715762e+00
8.761538461538460887e-02,-6.638461538461538913e-02,1.614307692307692221e+00,1.621615384615384681e+00,8.761538461538460887e-02,-6.638461538461538913e-02,1.614307692307692221e+00,1.621615384615384681e+00
8.764214046822742243e-02,-6.644481605351171272e-02,1.608408026755852926e+00,1.616033444816053599e+00,8.764214046822742243e-02,-6.644481605351171272e-02,1.608408026755852926e+00,1.616033444816053599e+00
8.766889632107022212e-02,-6.650501672240802242e-02,1.602508361204013410e+00,1.610451505016722518e+00,8.766889632107022212e-02,-6.650501672240802242e-02,1.602508361204013410e+00,1.610451505016722518e+00
8.769565217391303569e-02,-6.656521739130434601e-02,1.596608695652173893e+00,1.604869565217391214e+00,8.769565217391303569e-02,-6.656521739130434601e-02,1.596608695652173893e+00,1.604869565217391214e+00
8.772240802675584925e-02,-6.662541806020066959e-02,1.590709030100334376e+00,1.599287625418060133e+00,8.772240802675584925e-02,-6.662541806020066959e-02,1.590709030100334376e+00,1.599287625418060133e+00
8.774916387959866282e-02,-6.668561872909699317e-02,1.584809364548494859e+00,1.593705685618729051e+00,8.774916387959866282e-02,-6.668561872909699317e-02,1.584809364548494859e+00,1.593705685618729051e+00
8.777591973244146251e-02,-6.674581939799331676e-02,1.578909698996655564e+00,1.588123745819397969e+00,8.777591973244146251e-02,-6.674581939799331676e-02,1.578909698996655564e+00,1.588123745819397969e+00
8.780267558528427607e-02,-6.680602006688964034e-02,1.573010033444816047e+00,1.582541806020066888e+00,8.780267558528427607e-02,-6.680602006688964034e-02,1.573010033444816047e+00,1.582541806020066888e+00
8.782943143812708964e-02,-6.686622073578595005e-02,1.567110367892976530e+00,1.576959866220735806e+00,8.782943143812708964e-02,-6.686622073578595005e-02,1.567110367892976530e+00,1.576959866220735806e+00
8.785618729096988933e-02,-6.692642140468227363e-02,1.561210702341137235e+00,1.571377926421404725e+00,8.785618729096988933e-02,-6.692642140468227363e-02,1.561210702341137235e+00,1.571377926421404725e+00
8.788294314381270289e-02,-6.698662207357859721e-02,1.555311036789297718e+00,1.565795986622073643e+00,8.788294314381270289e-02,-6.698662207357859721e-02,1.555311036789297718e+00,1.565795986622073643e+00
8.790969899665551646e-02,-6.704682274247492080e-02,1.549411371237458201e+00,1.560214046822742340e+00,8.790969899665551646e-02,-6.704682274247492080e-02,1.549411371237458201e+00,1.560214046822742340e+00
8.793645484949831614e-02,-6.710702341137124438e-02,1.543511705685618685e+00,1.554632107023411258e+00,8.793645484949831614e-02,-6.710702341137124438e-02,1.543511705685618685e+00,1.554632107023411258e+00
8.796321070234112971e-02,-6.716722408026756796e-02,1.537612040133779168e+00,1.549050167224080177e+00,8.796321070234112971e-02,-6.716722408026756796e-02,1.537612040133779168e+00,1.549050167224080177e+00
8.798996655518394328e-02,-6.722742474916387767e-02,1.531712374581939873e+00,1.543468227424749095e+00,8.798996655518394328e-02,-6.722742474916387767e-02,1.531712374581939873e+00,1.543468227424749095e+00
8.801672240802675684e-02,-6.728762541806020125e-02,1.525812709030100356e+00,1.537886287625418014e+00,8.801672240802675684e-02,-6.728762541806020125e-02,1.525812709030100356e+00,1.537886287625418014e+00
8.804347826086955653e-02,-6.734782608695652484e-02,1.519913043478260839e+00,1.532304347826086932e+00,8.804347826086955653e-02,-6.734782608695652484e-02,1.519913043478260839e+00,1.532304347826086932e+00
8.807023411371237009e-02,-6.740802675585284842e-02,1.514013377926421322e+00,1.526722408026755851e+00,8.807023411371237009e-02,-6.740802675585284842e-02,1.514013377926421322e+00,1.526722408026755851e+00
8.809698996655518366e-02,-6.746822742474917201e-02,1.508113712374582027e+00,1.521140468227424769e+00,8.809698996655518366e-02,-6.746822742474917201e-02,1.508113712374582027e+00,1.521140468227424769e+00
8.812374581939798335e-02,-6.752842809364548171e-02,1.502214046822742510e+00,1.515558528428093688e+00,8.812374581939798335e-02,-6.752842809364548171e-02,1.502214046822742510e+00,1.515558528428093688e+00
8.815050167224079691e-02,-6.758862876254180529e-02,1.496314381270902993e+00,1.509976588628762606e+00,8.815050167224079691e-02,-6.758862876254180529e-02,1.496314381270902993e+00,1.509976588628762606e+00
8.817725752508361048e-02,-6.764882943143812888e-02,1.490414715719063476e+00,1.504394648829431524e+00,8.817725752508361048e-02,-6.764882943143812888e-02,1.490414715719063476e+00,1.504394648829431524e+00
8.820401337792641017e-02,-6.770903010033445246e-02,1.484515050167224182e+00,1.498812709030100443e+00,8.820401337792641017e-02,-6.770903010033445246e-02,1.484515050167224182e+00,1.498812709030100443e+00
8.823076923076922373e-02,-6.776923076923077605e-02,1.478615384615384665e+00,1.493230769230769139e+00,8.823076923076922373e-02,-6.776923076923077605e-02,1.478615384615384665e+00,1.493230769230769139e+00
8.825752508361203730e-02,-6.782943143812708575e-02,1.472715719063545148e+00,1.487648829431438058e+00,8.825752508361203730e-02,-6.782943143812708575e-02,1.472715719063545148e+00,1.487648829431438058e+00
8.828428093645485086e-02,-6.788963210702340934e-02,1.466816053511705631e+00,1.482066889632106976e+00,8.828428093645485086e-02,-6.788963210702340934e-02,1.466816053511705631e+00,1.482066889632106976e+00
8.831103678929765055e-02,-6.794983277591973292e-02,1.460916387959866114e+00,1.476484949832775895e+00,8.831103678929765055e-02,-6.794983277591973292e-02,1.460916387959866114e+00,1.476484949832775895e+00
8.833779264214046412e-02,-6.801003344481605650e-02,1.455016722408026819e+00,1.470903010033444813e+00,8.833779264214046412e-02,-6.801003344481605650e-02,1.455016722408026819e+00,1.470903010033444813e+00
8.836454849498327768e-02,-6.807023411371238009e-02,1.449117056856187302e+00,1.465321070234113732e+00,8.836454849498327768e-02,-6.807023411371238009e-02,1.449117056856187302e+00,1.465321070234113732e+00
8.839130434782607737e-02,-6.813043478260870367e-02,1.443217391304347785e+00,1.459739130434782650e+00,8.839130434782607737e-02,-6.813043478260870367e-02,1.443217391304347785e+00,1.459739130434782650e+00
8.841806020066889094e-02,-6.819063545150501338e-02,1.437317725752508490e+00,1.454157190635451347e+00,8.841806020066889094e-02,-6.819063545150501338e-02,1.437317725752508490e+00,1.454157190635451347e+00
8.844481605351170450e-02,-6.825083612040133696e-02,1.431418060200668974e+00,1.448575250836120265e+00,8.844481605351170450e-02,-6.825083612040133696e-02,1.431418060200668974e+00,1.448575250836120265e+00
8.847157190635450419e-02,-6.831103678929766054e-02,1.425518394648829457e+00,1.442993311036789184e+00,8.847157190635450419e-02,-6.831103678929766054e-02,1.425518394648829457e+00,1.442993311036789184e+00
8.849832775919731775e-02,-6.837123745819398413e-02,1.419618729096989940e+00,1.437411371237458102e+00,8.849832775919731775e-02,-6.837123745819398413e-02,1.419618729096989940e+00,1.437411371237458102e+00
8.852508361204013132e-02,-6.843143812709030771e-02,1.413719063545150423e+00,1.431829431438127020e+00,8.852508361204013132e-02,-6.843143812709030771e-02,1.413719063545150423e+00,1.431829431438127020e+00
8.855183946488294489e-02,-6.849163879598663129e-02,1.407819397993311128e+00,1.426247491638795939e+00,8.855183946488294489e-02,-6.849163879598663129e-02,1.407819397993311128e+00,1.426247491638795939e+00
8.857859531772574457e-02,-6.855183946488294100e-02,1.401919732441471611e+00,1.420665551839464857e+00,8.857859531772574457e-02,-6.855183946488294100e-02,1.401919732441471611e+00,1.420665551839464857e+00
8.860535117056855814e-02,-6.861204013377926458e-02,1.396020066889632094e+00,1.415083612040133776e+00,8.860535117056855814e-02,-6.861204013377926458e-02,1.396020066889632094e+00,1.415083612040133776e+00
8.863210702341137170e-02,-6.867224080267558817e-02,1.390120401337792577e+00,1.409501672240802694e+00,8.863210702341137170e-02,-6.867224080267558817e-02,1.390120401337792577e+00,1.409501672240802694e+00
8.865886287625417139e-02,-6.873244147157191175e-02,1.384220735785953060e+00,1.403919732441471613e+00,8.865886287625417139e-02,-6.873244147157191175e-02,1.384220735785953060e+00,1.403919732441471613e+00
8.868561872909698496e-02,-6.879264214046823533e-02,1.378321070234113765e+00,1.398337792642140531e+00,8.868561872909698496e-02,-6.879264214046823533e-02,1.378321070234113765e+00,1.398337792642140531e+00
8.871237458193979852e-02,-6.885284280936454504e-02,1.372421404682274249e+00,1.392755852842809450e+00,8.871237458193979852e-02,-6.885284280936454504e-02,1.372421404682274249e+00,1.392755852842809450e+00
8.873913043478259821e-02,-6.891304347826086862e-02,1.366521739130434732e+00,1.387173913043478368e+00,8.873913043478259821e-02,-6.891304347826086862e-02,1.366521739130434732e+00,1.387173913043478368e+00
8.876588628762541178e-02,-6.897324414715719221e-02,1.360622073578595437e+00,1.381591973244147065e+00,8.876588628762541178e-02,-6.897324414715719221e-02,1.360622073578595437e+00,1.381591973244147065e+00
8.879264214046822534e-02,-6.903344481605351579e-02,1.354722408026755920e+00,1.376010033444815983e+00,8.879264214046822534e-02,-6.903344481605351579e-02,1.354722408026755920e+00,1.376010033444815983e+00
8.881939799331103891e-02,-6.909364548494983937e-02,1.348822742474916403e+00,1.370428093645484902e+00,8.881939799331103891e-02,-6.909364548494983937e-02,1.348822742474916403e+00,1.370428093645484902e+00
8.884615384615383860e-02,-6.915384615384616296e-02,1.342923076923076886e+00,1.364846153846153820e+00,8.884615384615383860e-02,-6.915384615384616296e-02,1.342923076923076886e+00,1.364846153846153820e+00
8.887290969899665216e-02,-6.921404682274247266e-02,1.337023411371237369e+00,1.359264214046822739e+00,8.887290969899665216e-02,-6.921404682274247266e-02,1.337023411371237369e+00,1.359264214046822739e+00
8.889966555183946573e-02,-6.927424749163879625e-02,1.331123745819398074e+00,1.353682274247491657e+00,8.889966555183946573e-02,-6.927424749163879625e-02,1.331123745819398074e+00,1.353682274247491657e+00
8.892642140468226541e-02,-6.933444816053511983e-02,1.325224080267558557e+00,1.348100334448160575e+00,8.892642140468226541e-02,-6.933444816053511983e-02,1.325224080267558557e+00,1.348100334448160575e+00
8.895317725752507898e-02,-6.939464882943144342e-02,1.319324414715719040e+00,1.342518394648829272e+00,8.895317725752507898e-02,-6.939464882943144342e-02,1.319324414715719040e+00,1.342518394648829272e+00
8.897993311036789255e-02,-6.945484949832776700e-02,1.313424749163879524e+00,1.336936454849498190e+00,8.897993311036789255e-02,-6.945484949832776700e-02,1.313424749163879524e+00,1.336936454849498190e+00
8.900668896321069223e-02,-6.951505016722407670e-02,1.307525083612040007e+00,1.331354515050167109e+00,8.900668896321069223e-02,-6.951505016722407670e-02,1.307525083612040007e+00,1.331354515050167109e+00
8.903344481605350580e-02,-6.957525083612040029e-02,1.301625418060200712e+00,1.325772575250836027e+00,8.903344481605350580e-02,-6.957525083612040029e-02,1.301625418060200712e+00,1.325772575250836027e+00
8.906020066889631936e-02,-6.963545150501672387e-02,1.295725752508361195e+00,1.320190635451504946e+00,8.906020066889631936e-02,-6.963545150501672387e-02,1.295725752508361195e+00,1.320190635451504946e+00
8.908695652173913293e-02,-6.969565217391304746e-02,1.289826086956521678e+00,1.314608695652173864e+00,8.908695652173913293e-02,-6.969565217391304746e-02,1.289826086956521678e+00,1.314608695652173864e+00
8.911371237458193262e-02,-6.975585284280937104e-02,1.283926421404682383e+00,1.309026755852842783e+00,8.911371237458193262e-02,-6.975585284280937104e-02,1.283926421404682383e+00,1.309026755852842783e+00
8.914046822742474618e-02,-6.981605351170569462e-02,1.278026755852842866e+00,1.303444816053511701e+00,8.914046822742474618e-02,-6.981605351170569462e-02,1.278026755852842866e+00,1.303444816053511701e+00
8.916722408026755975e-02,-6.987625418060200433e-02,1.272127090301003349e+00,1.297862876254180620e+00,8.916722408026755975e-02,-6.987625418060200433e-02,1.272127090301003349e+00,1.297862876254180620e+00
8.919397993311035944e-02,-6.993645484949832791e-02,1.266227424749163832e+00,1.292280936454849538e+00,8.919397993311035944e-02,-6.993645484949832791e-02,1.266227424749163832e+00,1.292280936454849538e+00
8.922073578595317300e-02,-6.999665551839465150e-02,1.260327759197324315e+00,1.286698996655518457e+00,8.922073578595317300e-02,-6.999665551839465150e-02,1.260327759197324315e+00,1.286698996655518457e+00
8.924749163879598657e-02,-7.005685618729097508e-02,1.254428093645485021e+00,1.281117056856187375e+00,8.924749163879598657e-02,-7.005685618729097508e-02,1.254428093645485021e+00,1.281117056856187375e+00
8.927424749163878626e-02,-7.011705685618729866e-02,1.248528428093645504e+00,1.275535117056856071e+00,8.927424749163878626e-02,-7.011705685618729866e-02,1.248528428093645504e+00,1.275535117056856071e+00
8.930100334448159982e-02,-7.017725752508360837e-02,1.242628762541805987e+00,1.269953177257524990e+00,8.930100334448159982e-02,-7.017725752508360837e-02,1.242628762541805987e+00,1.269953177257524990e+00
8.932775919732441339e-02,-7.023745819397993195e-02,1.236729096989966692e+00,1.264371237458193908e+00,8.932775919732441339e-02,-7.023745819397993195e-02,1.236729096989966692e+00,1.264371237458193908e+00
8.935451505016722695e-02,-7.029765886287625554e-02,1.230829431438126953e+00,1.258789297658862827e+00,8.935451505016722695e-02,-7.029765886287625554e-02,1.230829431438126953e+00,1.258789297658862827e+00
8.938127090301002664e-02,-7.035785953177257912e-02,1.224929765886287658e+00,1.253207357859531745e+00,8.938127090301002664e-02,-7.035785953177257912e-02,1.224929765886287658e+00,1.253207357859531745e+00
8.940802675585284021e-02,-7.041806020066890270e-02,1.219030100334448141e+00,1.247625418060200664e+00,8.940802675585284021e-02,-7.041806020066890270e-02,1.219030100334448141e+00,1.247625418060200664e+00
8.943478260869565377e-02,-7.047826086956522629e-02,1.213130434782608624e+00,1.242043478260869582e+00,8.943478260869565377e-02,-7.047826086956522629e-02,1.213130434782608624e+00,1.242043478260869582e+00
8.946153846153845346e-02,-7.053846153846153599e-02,1.207230769230769329e+00,1.236461538461538279e+00,8.946153846153845346e-02,-7.053846153846153599e-02,1.207230769230769329e+00,1.236461538461538279e+00
8.948829431438126703e-02,-7.059866220735785958e-02,1.201331103678929813e+00,1.230879598662207197e+00,8.948829431438126703e-02,-7.059866220735785958e-02,1.201331103678929813e+00,1.230879598662207197e+00
8.951505016722408059e-02,-7.065886287625418316e-02,1.195431438127090296e+00,1.225297658862876116e+00,8.951505016722408059e-02,-7.065886287625418316e-02,1.195431438127090296e+00,1.225297658862876116e+00
8.954180602006688028e-02,-7.071906354515050674e-02,1.189531772575251001e+00,1.219715719063545034e+00,8.954180602006688028e-02,-7.071906354515050674e-02,1.189531772575251001e+00,1.219715719063545034e+00
8.956856187290969384e-02,-7.077926421404683033e-02,1.183632107023411262e+00,1.214133779264213953e+00,8.956856187290969384e-02,-7.077926421404683033e-02,1.183632107023411262e+00,1.214133779264213953e+00
8.959531772575250741e-02,-7.083946488294315391e-02,1.177732441471571967e+00,1.208551839464882871e+00,8.959531772575250741e-02,-7.083946488294315391e-02,1.177732441471571967e+00,1.208551839464882871e+00
8.962207357859530710e-02,-7.089966555183946362e-02,1.171832775919732450e+00,1.202969899665551790e+00,8.962207357859530710e-02,-7.089966555183946362e-02,1.171832775919732450e+00,1.202969899665551790e+00
8.964882943143812066e-02,-7.095986622073578720e-02,1.165933110367892933e+00,1.197387959866220708e+00,8.964882943143812066e-02,-7.095986622073578720e-02,1.165933110367892933e+00,1.197387959866220708e+00
8.967558528428093423e-02,-7.102006688963211078e-02,1.160033444816053638e+00,1.191806020066889626e+00,8.967558528428093423e-02,-7.102006688963211078e-02,1.160033444816053638e+00,1.191806020066889626e+00
8.970234113712374779e-02,-7.108026755852843437e-02,1.154133779264213899e+00,1.186224080267558545e+00,8.970234113712374779e-02,-7.108026755852843437e-02,1.154133779264213899e+00,1.186224080267558545e+00
8.972909698996654748e-02,-7.114046822742475795e-02,1.148234113712374604e+00,1.180642140468227463e+00,8.972909698996654748e-02,-7.114046822742475795e-02,1.148234113712374604e+00,1.180642140468227463e+00
8.975585284280936105e-02,-7.120066889632106766e-02,1.142334448160535088e+00,1.175060200668896382e+00,8.975585284280936105e-02,-7.120066889632106766e-02,1.142334448160535088e+00,1.175060200668896382e+00
8.978260869565217461e-02,-7.126086956521739124e-02,1.136434782608695571e+00,1.169478260869565300e+00,8.978260869565217461e-02,-7.126086956521739124e-02,1.136434782608695571e+00,1.169478260869565300e+00
8.980936454849497430e-02,-7.132107023411371483e-02,1.130535117056856276e+00,1.163896321070234219e+00,8.980936454849497430e-02,-7.132107023411371483e-02,1.130535117056856276e+00,1.163896321070234219e+00
8.983612040133778787e-02,-7.138127090301003841e-02,1.124635451505016759e+00,1.158314381270902915e+00,8.983612040133778787e-02,-7.138127090301003841e-02,1.124635451505016759e+00,1.158314381270902915e+00
8.986287625418060143e-02,-7.144147157190636199e-02,1.118735785953177242e+00,1.152732441471571834e+00,8.986287625418060143e-02,-7.144147157190636199e-02,1.118735785953177242e+00,1.152732441471571834e+00
8.988963210702341500e-02,-7.150167224080267170e-02,1.112836120401337947e+00,1.147150501672240752e+00,8.988963210702341500e-02,-7.150167224080267170e-02,1.112836120401337947e+00,1.147150501672240752e+00
8.991638795986621469e-02,-7.156187290969899528e-02,1.106936454849498208e+00,1.141568561872909671e+00,8.991638795986621469e-02,-7.156187290969899528e-02,1.106936454849498208e+00,1.141568561872909671e+00
8.994314381270902825e-02,-7.162207357859531887e-02,1.101036789297658913e+00,1.135986622073578589e+00,8.994314381270902825e-02,-7.162207357859531887e-02,1.101036789297658913e+00,1.135986622073578589e+00
8.996989966555184182e-02,-7.168227424749164245e-02,1.095137123745819396e+00,1.130404682274247286e+00,8.996989966555184182e-02,-7.168227424749164245e-02,1.095137123745819396e+00,1.130404682274247286e+00
8.999665551839464150e-02,-7.174247491638796603e-02,1.089237458193979879e+00,1.124822742474916204e+00,8.999665551839464150e-02,-7.174247491638796603e-02,1.089237458193979879e+00,1.124822742474916204e+00
9.002341137123745507e-02,-7.180267558528428962e-02,1.083337792642140585e+00,1.119240802675585122e+00,9.002341137123745507e-02,-7.180267558528428962e-02,1.083337792642140585e+00,1.119240802675585122e+00
9.005016722408026864e-02,-7.186287625418059932e-02,1.077438127090300846e+00,1.113658862876254041e+00,9.005016722408026864e-02,-7.186287625418059932e-02,1.077438127090300846e+00,1.113658862876254041e+00
9.007692307692306832e-02,-7.192307692307692291e-02,1.071538461538461551e+00,1.108076923076922959e+00,9.007692307692306832e-02,-7.192307692307692291e-02,1.071538461538461551e+00,1.108076923076922959e+00
9.010367892976588189e-02,-7.198327759197324649e-02,1.065638795986622034e+00,1.102494983277591878e+00,9.010367892976588189e-02,-7.198327759197324649e-02,1.065638795986622034e+00,1.102494983277591878e+00
9.013043478260869545e-02,-7.204347826086957007e-02,1.059739130434782517e+00,1.096913043478260796e+00,9.013043478260869545e-02,-7.204347826086957007e-02,1.059739130434782517e+00,1.096913043478260796e+00
9.015719063545149514e-02,-7.210367892976589366e-02,1.053839464882943222e+00,1.091331103678929715e+00,9.015719063545149514e-02,-7.210367892976589366e-02,1.053839464882943222e+00,1.091331103678929715e+00
9.018394648829430871e-02,-7.216387959866221724e-02,1.047939799331103705e+00,1.085749163879598633e+00,9.018394648829430871e-02,-7.216387959866221724e-02,1.047939799331103705e+00,1.085749163879598633e+00
9.021070234113712227e-02,-7.222408026755852695e-02,1.042040133779264188e+00,1.080167224080267552e+00,9.021070234113712227e-02,-7.222408026755852695e-02,1.042040133779264188e+00,1.080167224080267552e+00
9.023745819397993584e-02,-7.228428093645485053e-02,1.036140468227424893e+00,1.074585284280936470e+00,9.023745819397993584e-02,-7.228428093645485053e-02,1.036140468227424893e+00,1.074585284280936470e+00
9.026421404682273553e-02,-7.234448160535117411e-02,1.030240802675585154e+00,1.069003344481605389e+00,9.026421404682273553e-02,-7.234448160535117411e-02,1.030240802675585154e+00,1.069003344481605389e+00
9.029096989966554909e-02,-7.240468227424749770e-02,1.024341137123745860e+00,1.063421404682274307e+00,9.029096989966554909e-02,-7.240468227424749770e-02,1.024341137123745860e+00,1.063421404682274307e+00
9.031772575250836266e-02,-7.246488294314382128e-02,1.018441471571906343e+00,1.057839464882943226e+00,9.031772575250836266e-02,-7.246488294314382128e-02,1.018441471571906343e+00,1.057839464882943226e+00
9.034448160535116235e-02,-7.252508361204013099e-02,1.012541806020066826e+00,1.052257525083612144e+00,9.034448160535116235e-02,-7.252508361204013099e-02,1.012541806020066826e+00,1.052257525083612144e+00
9.037123745819397591e-02,-7.258528428093645457e-02,1.006642140468227531e+00,1.046675585284280841e+00,9.037123745819397591e-02,-7.258528428093645457e-02,1.006642140468227531e+00,1.046675585284280841e+00
9.039799331103678948e-02,-7.264548494983277815e-02,1.000742474916388014e+00,1.041093645484949759e+00,9.039799331103678948e-02,-7.264548494983277815e-02,1.000742474916388014e+00,1.041093645484949759e+00
9.042474916387958916e-02,-7.270568561872910174e-02,9.948428093645484971e-01,1.035511705685618677e+00,9.042474916387958916e-02,-7.270568561872910174e-02,9.948428093645484971e-01,1.035511705685618677e+00
9.045150501672240273e-02,-7.276588628762542532e-02,9.889431438127089802e-01,1.029929765886287596e+00,9.045150501672240273e-02,-7.276588628762542532e-02,9.889431438127089802e-01,1.029929765886287596e+00
9.047826086956521630e-02,-7.282608695652173503e-02,9.830434782608695743e-01,1.024347826086956514e+00,9.047826086956521630e-02,-7.282608695652173503e-02,9.830434782608695743e-01,1.024347826086956514e+00
9.050501672240802986e-02,-7.288628762541805861e-02,9.771438127090300574e-01,1.018765886287625211e+00,9.050501672240802986e-02,-7.288628762541805861e-02,9.771438127090300574e-01,1.018765886287625211e+00
9.053177257525082955e-02,-7.294648829431438219e-02,9.712441471571906515e-01,1.013183946488294129e+00,9.053177257525082955e-02,-7.294648829431438219e-02,9.712441471571906515e-01,1.013183946488294129e+00
9.055852842809364311e-02,-7.300668896321070578e-02,9.653444816053511346e-01,1.007602006688963048e+00,9.055852842809364311e-02,-7.300668896321070578e-02,9.653444816053511346e-01,1.007602006688963048e+00
9.058528428093645668e-02,-7.306688963210702936e-02,9.594448160535117287e-01,1.002020066889631966e+00,9.058528428093645668e-02,-7.306688963210702936e-02,9.594448160535117287e-01,1.002020066889631966e+00
9.061204013377925637e-02,-7.312709030100335295e-02,9.535451505016722118e-01,9.964381270903009957e-01,9.061204013377925637e-02,-7.312709030100335295e-02,9.535451505016722118e-01,9.964381270903009957e-01
9.063879598662206993e-02,-7.318729096989966265e-02,9.476454849498328059e-01,9.908561872909698032e-01,9.063879598662206993e-02,-7.318729096989966265e-02,9.476454849498328059e-01,9.908561872909698032e-01
9.066555183946488350e-02,-7.324749163879598624e-02,9.417458193979932890e-01,9.852742474916387216e-01,9.066555183946488350e-02,-7.324749163879598624e-02,9.417458193979932890e-01,9.852742474916387216e-01
9.069230769230768319e-02,-7.330769230769230982e-02,9.358461538461538831e-01,9.796923076923076401e-01,9.069230769230768319e-02,-7.330769230769230982e-02,9.358461538461538831e-01,9.796923076923076401e-01
9.071906354515049675e-02,-7.336789297658863340e-02,9.299464882943143662e-01,9.741103678929765586e-01,9.071906354515049675e-02,-7.336789297658863340e-02,9.299464882943143662e-01,9.741103678929765586e-01
9.074581939799331032e-02,-7.342809364548495699e-02,9.240468227424749603e-01,9.685284280936454770e-01,9.074581939799331032e-02,-7.342809364548495699e-02,9.240468227424749603e-01,9.685284280936454770e-01
9.077257525083612388e-02,-7.348829431438128057e-02,9.181471571906354434e-01,9.629464882943142845e-01,9.077257525083612388e-02,-7.348829431438128057e-02,9.181471571906354434e-01,9.629464882943142845e-01
9.079933110367892357e-02,-7.354849498327759028e-02,9.122474916387960375e-01,9.573645484949832030e-01,9.079933110367892357e-02,-7.354849498327759028e-02,9.122474916387960375e-01,9.573645484949832030e-01
9.082608695652173714e-02,-7.360869565217391386e-02,9.063478260869565206e-01,9.517826086956521214e-01,9.082608695652173714e-02,-7.360869565217391386e-02,9.063478260869565206e-01,9.517826086956521214e-01
9.085284280936455070e-02,-7.366889632107023744e-02,9.004481605351171147e-01,9.462006688963210399e-01,9.085284280936455070e-02,-7.366889632107023744e-02,9.004481605351171147e-01,9.462006688963210399e-01
9.087959866220735039e-02,-7.372909698996656103e-02,8.945484949832775978e-01,9.406187290969899584e-01,9.087959866220735039e-02,-7.372909698996656103e-02,8.945484949832775978e-01,9.406187290969899584e-01
9.090635451505016396e-02,-7.378929765886288461e-02,8.886488294314380809e-01,9.350367892976587658e-01,9.090635451505016396e-02,-7.378929765886288461e-02,8.886488294314380809e-01,9.350367892976587658e-01
9.093311036789297752e-02,-7.384949832775919432e-02,8.827491638795986750e-01,9.294548494983276843e-01,9.093311036789297752e-02,-7.384949832775919432e-02,8.827491638795986750e-01,9.294548494983276843e-01
9.095986622073577721e-02,-7.390969899665551790e-02,8.768494983277591581e-01,9.238729096989966028e-01,9.095986622073577721e-02,-7.390969899665551790e-02,8.768494983277591581e-01,9.238729096989966028e-01
9.098662207357859077e-02,-7.396989966555184148e-02,8.709498327759197522e-01,9.182909698996655212e-01,9.098662207357859077e-02,-7.396989966555184148e-02,8.709498327759197522e-01,9.182909698996655212e-01
9.101337792642140434e-02,-7.403010033444816507e-02,8.650501672240802353e-01,9.127090301003344397e-01,9.101337792642140434e-02,-7.403010033444816507e-02,8.650501672240802353e-01,9.127090301003344397e-01
9.104013377926421791e-02,-7.409030100334448865e-02,8.591505016722408294e-01,9.071270903010032471e-01,9.104013377926421791e-02,-7.409030100334448865e-02,8.591505016722408294e-01,9.071270903010032471e-01
9.106688963210701759e-02,-7.415050167224079836e-02,8.532508361204013125e-01,9.015451505016721656e-01,9.106688963210701759e-02,-7.415050167224079836e-02,8.532508361204013125e-01,9.015451505016721656e-01
9.109364548494983116e-02,-7.421070234113712194e-02,8.473511705685619066e-01,8.959632107023410841e-01,9.109364548494983116e-02,-7.421070234113712194e-02,8.473511705685619066e-01,8.959632107023410841e-01
9.112040133779264472e-02,-7.427090301003344552e-02,8.414515050167223897e-01,8.903812709030100025e-01,9.112040133779264472e-02,-7.427090301003344552e-02,8.414515050167223897e-01,8.903812709030100025e-01
9.114715719063544441e-02,-7.433110367892976911e-02,8.355518394648829839e-01,8.847993311036789210e-01,9.114715719063544441e-02,-7.433110367892976911e-02,8.355518394648829839e-01,8.847993311036789210e-01
9.117391304347825798e-02,-7.439130434782609269e-02,8.296521739130434669e-01,8.792173913043477285e-01,9.117391304347825798e-02,-7.439130434782609269e-02,8.296521739130434669e-01,8.792173913043477285e-01
9.120066889632107154e-02,-7.445150501672241627e-02,8.237525083612040611e-01,8.736354515050166469e-01,9.120066889632107154e-02,-7.445150501672241627e-02,8.237525083612040611e-01,8.736354515050166469e-01
9.122742474916387123e-02,-7.451170568561873986e-02,8.178528428093645442e-01,8.680535117056855654e-01,9.122742474916387123e-02,-7.451170568561873986e-02,8.178528428093645442e-01,8.680535117056855654e-01
9.125418060200668480e-02,-7.457190635451504956e-02,8.119531772575251383e-01,8.624715719063544839e-01,9.125418060200668480e-02,-7.457190635451504956e-02,8.119531772575251383e-01,8.624715719063544839e-01
9.128093645484949836e-02,-7.463210702341137315e-02,8.060535117056856214e-01,8.568896321070234023e-01,9.128093645484949836e-02,-7.463210702341137315e-02,8.060535117056856214e-01,8.568896321070234023e-01
9.130769230769231193e-02,-7.469230769230769673e-02,8.001538461538461044e-01,8.513076923076922098e-01,9.130769230769231193e-02,-7.469230769230769673e-02,8.001538461538461044e-01,8.513076923076922098e-01
9.133444816053511162e-02,-7.475250836120402032e-02,7.942541806020066986e-01,8.457257525083611283e-01,9.133444816053511162e-02,-7.475250836120402032e-02,7.942541806020066986e-01,8.457257525083611283e-01
9.136120401337792518e-02,-7.481270903010034390e-02,7.883545150501671817e-01,8.401438127090300467e-01,9.136120401337792518e-02,-7.481270903010034390e-02,7.883545150501671817e-01,8.401438127090300467e-01
9.138795986622073875e-02,-7.487290969899665360e-02,7.824548494983277758e-01,8.345618729096989652e-01,9.138795986622073875e-02,-7.487290969899665360e-02,7.824548494983277758e-01,8.345618729096989652e-01
9.141471571906353843e-02,-7.493311036789297719e-02,7.765551839464882589e-01,8.289799331103677726e-01,9.141471571906353843e-02,-7.493311036789297719e-02,7.765551839464882589e-01,8.289799331103677726e-01
9.144147157190635200e-02,-7.499331103678930077e-02,7.706555183946488530e-01,8.233979933110366911e-01,9.144147157190635200e-02,-7.499331103678930077e-02,7.706555183946488530e-01,8.233979933110366911e-01
9.146822742474916557e-02,-7.505351170568562436e-02,7.647558528428093361e-01,8.178160535117056096e-01,9.146822742474916557e-02,-7.505351170568562436e-02,7.647558528428093361e-01,8.178160535117056096e-01
9.149498327759196525e-02,-7.511371237458194794e-02,7.588561872909699302e-01,8.122341137123745280e-01,9.149498327759196525e-02,-7.511371237458194794e-02,7.588561872909699302e-01,8.122341137123745280e-01
9.152173913043477882e-02,-7.517391304347825765e-02,7.529565217391304133e-01,8.066521739130434465e-01,9.152173913043477882e-02,-7.517391304347825765e-02,7.529565217391304133e-01,8.066521739130434465e-01
9.154849498327759239e-02,-7.523411371237458123e-02,7.470568561872910074e-01,8.010702341137122540e-01,9.154849498327759239e-02,-7.523411371237458123e-02,7.470568561872910074e-01,8.010702341137122540e-01
9.157525083612039207e-02,-7.529431438127090481e-02,7.411571906354514905e-01,7.954882943143811724e-01,9.157525083612039207e-02,-7.529431438127090481e-02,7.411571906354514905e-01,7.954882943143811724e-01
9.160200668896320564e-02,-7.535451505016722840e-02,7.352575250836119736e-01,7.899063545150500909e-01,9.160200668896320564e-02,-7.535451505016722840e-02,7.352575250836119736e-01,7.899063545150500909e-01
9.162876254180601920e-02,-7.541471571906355198e-02,7.293578595317726787e-01,7.843244147157190094e-01,9.162876254180601920e-02,-7.541471571906355198e-02,7.293578595317726787e-01,7.843244147157190094e-01
9.165551839464883277e-02,-7.547491638795987556e-02,7.234581939799331618e-01,7.787424749163879278e-01,9.165551839464883277e-02,-7.547491638795987556e-02,7.234581939799331618e-01,7.787424749163879278e-01
9.168227424749163246e-02,-7.553511705685618527e-02,7.175585284280936449e-01,7.731605351170567353e-01,9.168227424749163246e-02,-7.553511705685618527e-02,7.175585284280936449e-01,7.731605351170567353e-01
9.170903010033444602e-02,-7.559531772575250885e-02,7.116588628762541280e-01,7.675785953177256538e-01,9.170903010033444602e-02,-7.559531772575250885e-02,7.116588628762541280e-01,7.675785953177256538e-01
9.173578595317725959e-02,-7.565551839464883244e-02,7.057591973244146111e-01,7.619966555183945722e-01,9.173578595317725959e-02,-7.565551839464883244e-02,7.057591973244146111e-01,7.619966555183945722e-01
9.176254180602005928e-02,-7.571571906354515602e-02,6.998595317725753162e-01,7.564147157190634907e-01,9.176254180602005928e-02,-7.571571906354515602e-02,6.998595317725753162e-01,7.564147157190634907e-01
9.178929765886287284e-02,-7.577591973244147960e-02,6.939598662207357993e-01,7.508327759197324092e-01,9.178929765886287284e-02,-7.577591973244147960e-02,6.939598662207357993e-01,7.508327759197324092e-01
9.181605351170568641e-02,-7.583612040133780319e-02,6.880602006688962824e-01,7.452508361204013276e-01,9.181605351170568641e-02,-7.583612040133780319e-02,6.880602006688962824e-01,7.452508361204013276e-01
9.184280936454849997e-02,-7.589632107023411289e-02,6.821605351170567655e-01,7.396688963210702461e-01,9.184280936454849997e-02,-7.589632107023411289e-02,6.821605351170567655e-01,7.396688963210702461e-01
9.186956521739129966e-02,-7.595652173913043648e-02,6.762608695652174706e-01,7.340869565217391646e-01,9.186956521739129966e-02,-7.595652173913043648e-02,6.762608695652174706e-01,7.340869565217391646e-01
9.189632107023411323e-02,-7.601672240802676006e-02,6.703612040133779537e-01,7.285050167224078610e-01,9.189632107023411323e-02,-7.601672240802676006e-02,6.703612040133779537e-01,7.285050167224078610e-01
9.192307692307692679e-02,-7.607692307692308364e-02,6.644615384615384368e-01,7.229230769230767795e-01,9.192307692307692679e-02,-7.607692307692308364e-02,6.644615384615384368e-01,7.229230769230767795e-01
9.194983277591972648e-02,-7.613712374581940723e-02,6.585618729096989199e-01,7.173411371237456979e-01,9.194983277591972648e-02,-7.613712374581940723e-02,6.585618729096989199e-01,7.173411371237456979e-01
9.197658862876254005e-02,-7.619732441471571693e-02,6.526622073578596250e-01,7.117591973244146164e-01,9.197658862876254005e-02,-7.619732441471571693e-02,6.526622073578596250e-01,7.117591973244146164e-01
9.200334448160535361e-02,-7.625752508361204052e-02,6.467625418060201081e-01,7.061772575250835349e-01,9.200334448160535361e-02,-7.625752508361204052e-02,6.467625418060201081e-01,7.061772575250835349e-01
9.203010033444815330e-02,-7.631772575250836410e-02,6.408628762541805912e-01,7.005953177257524533e-01,9.203010033444815330e-02,-7.631772575250836410e-02,6.408628762541805912e-01,7.005953177257524533e-01
9.205685618729096686e-02,-7.637792642140468768e-02,6.349632107023410743e-01,6.950133779264213718e-01,9.205685618729096686e-02,-7.637792642140468768e-02,6.349632107023410743e-01,6.950133779264213718e-01
9.208361204013378043e-02,-7.643812709030101127e-02,6.290635451505017794e-01,6.894314381270902903e-01,9.208361204013378043e-02,-7.643812709030101127e-02,6.290635451505017794e-01,6.894314381270902903e-01
9.211036789297658012e-02,-7.649832775919732097e-02,6.231638795986622625e-01,6.838494983277592087e-01,9.211036789297658012e-02,-7.649832775919732097e-02,6.231638795986622625e-01,6.838494983277592087e-01
9.213712374581939368e-02,-7.655852842809364456e-02,6.172642140468227456e-01,6.782675585284279052e-01,9.213712374581939368e-02,-7.655852842809364456e-02,6.172642140468227456e-01,6.782675585284279052e-01
9.216387959866220725e-02,-7.661872909698996814e-02,6.113645484949832287e-01,6.726856187290968236e-01,9.216387959866220725e-02,-7.661872909698996814e-02,6.113645484949832287e-01,6.726856187290968236e-01
9.219063545150502081e-02,-7.667892976588629173e-02,6.054648829431437118e-01,6.671036789297657421e-01,9.219063545150502081e-02,-7.667892976588629173e-02,6.054648829431437118e-01,6.671036789297657421e-01
9.221739130434782050e-02,-7.673913043478261531e-02,5.995652173913044169e-01,6.615217391304346606e-01,9.221739130434782050e-02,-7.673913043478261531e-02,5.995652173913044169e-01,6.615217391304346606e-01
9.224414715719063407e-02,-7.679933110367893889e-02,5.936655518394649000e-01,6.559397993311035790e-01,9.224414715719063407e-02,-7.679933110367893889e-02,5.936655518394649000e-01,6.559397993311035790e-01
9.227090301003344763e-02,-7.685953177257524860e-02,5.877658862876253831e-01,6.503578595317724975e-01,9.227090301003344763e-02,-7.685953177257524860e-02,5.877658862876253831e-01,6.503578595317724975e-01
9.229765886287624732e-02,-7.691973244147157218e-02,5.818662207357858662e-01,6.447759197324414160e-01,9.229765886287624732e-02,-7.691973244147157218e-02,5.818662207357858662e-01,6.447759197324414160e-01
9.232441471571906089e-02,-7.697993311036789577e-02,5.759665551839465714e-01,6.391939799331103345e-01,9.232441471571906089e-02,-7.697993311036789577e-02,5.759665551839465714e-01,6.391939799331103345e-01
9.235117056856187445e-02,-7.704013377926421935e-02,5.700668896321070545e-01,6.336120401337792529e-01,9.235117056856187445e-02,-7.704013377926421935e-02,5.700668896321070545e-01,6.336120401337792529e-01
9.237792642140468802e-02,-7.710033444816054293e-02,5.641672240802675375e-01,6.280301003344481714e-01,9.237792642140468802e-02,-7.710033444816054293e-02,5.641672240802675375e-01,6.280301003344481714e-01
9.240468227424748771e-02,-7.716053511705686652e-02,5.582675585284280206e-01,6.224481605351168678e-01,9.240468227424748771e-02,-7.716053511705686652e-02,5.582675585284280206e-01,6.224481605351168678e-01
9.243143812709030127e-02,-7.722073578595317622e-02,5.523678929765887258e-01,6.168662207357857863e-01,9.243143812709030127e-02,-7.722073578595317622e-02,5.523678929765887258e-01,6.168662207357857863e-01
9.245819397993311484e-02,-7.728093645484949981e-02,5.464682274247492089e-01,6.112842809364547048e-01,9.245819397993311484e-02,-7.728093645484949981e-02,5.464682274247492089e-01,6.112842809364547048e-01
9.248494983277591452e-02,-7.734113712374582339e-02,5.405685618729096920e-01,6.057023411371236232e-01,9.248494983277591452e-02,-7.734113712374582339e-02,5.405685618729096920e-01,6.057023411371236232e-01
9.251170568561872809e-02,-7.740133779264214697e-02,5.346688963210701750e-01,6.001204013377925417e-01,9.251170568561872809e-02,-7.740133779264214697e-02,5.346688963210701750e-01,6.001204013377925417e-01
9.253846153846154166e-02,-7.746153846153847056e-02,5.287692307692308802e-01,5.945384615384614602e-01,9.253846153846154166e-02,-7.746153846153847056e-02,5.287692307692308802e-01,5.945384615384614602e-01
9.256521739130434134e-02,-7.752173913043478026e-02,5.228695652173913633e-01,5.889565217391303786e-01,9.256521739130434134e-02,-7.752173913043478026e-02,5.228695652173913633e-01,5.889565217391303786e-01
9.259197324414715491e-02,-7.758193979933110385e-02,5.169698996655518464e-01,5.833745819397992971e-01,9.259197324414715491e-02,-7.758193979933110385e-02,5.169698996655518464e-01,5.833745819397992971e-01
9.261872909698996847e-02,-7.764214046822742743e-02,5.110702341137123295e-01,5.777926421404682156e-01,9.261872909698996847e-02,-7.764214046822742743e-02,5.110702341137123295e-01,5.777926421404682156e-01
9.264548494983276816e-02,-7.770234113712375101e-02,5.051705685618728126e-01,5.722107023411371340e-01,9.264548494983276816e-02,-7.770234113712375101e-02,5.051705685618728126e-01,5.722107023411371340e-01
9.267224080267558173e-02,-7.776254180602007460e-02,4.992709030100335177e-01,5.666287625418058305e-01,9.267224080267558173e-02,-7.776254180602007460e-02,4.992709030100335177e-01,5.666287625418058305e-01
9.269899665551839529e-02,-7.782274247491638430e-02,4.933712374581940008e-01,5.610468227424747489e-01,9.269899665551839529e-02,-7.782274247491638430e-02,4.933712374581940008e-01,5.610468227424747489e-01
9.272575250836120886e-02,-7.788294314381270789e-02,4.874715719063544839e-01,5.554648829431436674e-01,9.272575250836120886e-02,-7.788294314381270789e-02,4.874715719063544839e-01,5.554648829431436674e-01
9.275250836120400855e-02,-7.794314381270903147e-02,4.815719063545149670e-01,5.498829431438125859e-01,9.275250836120400855e-02,-7.794314381270903147e-02,4.815719063545149670e-01,5.498829431438125859e-01
9.277926421404682211e-02,-7.800334448160535505e-02,4.756722408026756721e-01,5.443010033444815043e-01,9.277926421404682211e-02,-7.800334448160535505e-02,4.756722408026756721e-01,5.443010033444815043e-01
9.280602006688963568e-02,-7.806354515050167864e-02,4.697725752508361552e-01,5.387190635451504228e-01,9.280602006688963568e-02,-7.806354515050167864e-02,4.697725752508361552e-01,5.387190635451504228e-01
9.283277591973243537e-02,-7.812374581939800222e-02,4.638729096989966383e-01,5.331371237458193413e-01,9.283277591973243537e-02,-7.812374581939800222e-02,4.638729096989966383e-01,5.331371237458193413e-01
9.285953177257524893e-02,-7.818394648829431193e-02,4.579732441471571214e-01,5.275551839464882597e-01,9.285953177257524893e-02,-7.818394648829431193e-02,4.579732441471571214e-01,5.275551839464882597e-01
9.288628762541806250e-02,-7.824414715719063551e-02,4.520735785953178265e-01,5.219732441471571782e-01,9.288628762541806250e-02,-7.824414715719063551e-02,4.520735785953178265e-01,5.219732441471571782e-01
9.291304347826087606e-02,-7.830434782608695909e-02,4.461739130434783096e-01,5.163913043478260967e-01,9.291304347826087606e-02,-7.830434782608695909e-02,4.461739130434783096e-01,5.163913043478260967e-01
9.293979933110367575e-02,-7.836454849498328268e-02,4.402742474916387927e-01,5.108093645484947931e-01,9.293979933110367575e-02,-7.836454849498328268e-02,4.402742474916387927e-01,5.108093645484947931e-01
9.296655518394648932e-02,-7.842474916387960626e-02,4.343745819397992758e-01,5.052274247491637116e-01,9.296655518394648932e-02,-7.842474916387960626e-02,4.343745819397992758e-01,5.052274247491637116e-01
9.299331103678930288e-02,-7.848494983277592985e-02,4.284749163879597589e-01,4.996454849498326301e-01,9.299331103678930288e-02,-7.848494983277592985e-02,4.284749163879597589e-01,4.996454849498326301e-01
9.302006688963210257e-02,-7.854515050167223955e-02,4.225752508361204640e-01,4.940635451505015485e-01,9.302006688963210257e-02,-7.854515050167223955e-02,4.225752508361204640e-01,4.940635451505015485e-01
9.304682274247491613e-02,-7.860535117056856313e-02,4.166755852842809471e-01,4.884816053511704670e-01,9.304682274247491613e-02,-7.860535117056856313e-02,4.166755852842809471e-01,4.884816053511704670e-01
9.307357859531772970e-02,-7.866555183946488672e-02,4.107759197324414302e-01,4.828996655518393855e-01,9.307357859531772970e-02,-7.866555183946488672e-02,4.107759197324414302e-01,4.828996655518393855e-01
9.310033444816052939e-02,-7.872575250836121030e-02,4.048762541806019133e-01,4.773177257525083039e-01,9.310033444816052939e-02,-7.872575250836121030e-02,4.048762541806019133e-01,4.773177257525083039e-01
9.312709030100334295e-02,-7.878595317725753389e-02,3.989765886287626184e-01,4.717357859531772224e-01,9.312709030100334295e-02,-7.878595317725753389e-02,3.989765886287626184e-01,4.717357859531772224e-01
9.315384615384615652e-02,-7.884615384615384359e-02,3.930769230769231015e-01,4.661538461538461409e-01,9.315384615384615652e-02,-7.884615384615384359e-02,3.930769230769231015e-01,4.661538461538461409e-01
9.318060200668895621e-02,-7.890635451505016718e-02,3.871772575250835846e-01,4.605719063545150593e-01,9.318060200668895621e-02,-7.890635451505016718e-02,3.871772575250835846e-01,4.605719063545150593e-01
9.320735785953176977e-02,-7.896655518394649076e-02,3.812775919732440677e-01,4.549899665551837558e-01,9.320735785953176977e-02,-7.896655518394649076e-02,3.812775919732440677e-01,4.549899665551837558e-01
9.323411371237458334e-02,-7.902675585284281434e-02,3.753779264214047728e-01,4.494080267558526742e-01,9.323411371237458334e-02,-7.902675585284281434e-02,3.753779264214047728e-01,4.494080267558526742e-01
9.326086956521739690e-02,-7.908695652173913793e-02,3.694782608695652559e-01,4.438260869565215927e-01,9.326086956521739690e-02,-7.908695652173913793e-02,3.694782608695652559e-01,4.438260869565215927e-01
9.328762541806019659e-02,-7.914715719063544763e-02,3.635785953177257390e-01,4.382441471571905112e-01,9.328762541806019659e-02,-7.914715719063544763e-02,3.635785953177257390e-01,4.382441471571905112e-01
9.331438127090301016e-02,-7.920735785953177122e-02,3.576789297658862221e-01,4.326622073578594296e-01,9.331438127090301016e-02,-7.920735785953177122e-02,3.576789297658862221e-01,4.326622073578594296e-01
9.334113712374582372e-02,-7.926755852842809480e-02,3.517792642140469273e-01,4.270802675585283481e-01,9.334113712374582372e-02,-7.926755852842809480e-02,3.517792642140469273e-01,4.270802675585283481e-01
9.336789297658862341e-02,-7.932775919732441838e-02,3.458795986622074103e-01,4.214983277591972666e-01,9.336789297658862341e-02,-7.932775919732441838e-02,3.458795986622074103e-01,4.214983277591972666e-01
9.339464882943143698e-02,-7.938795986622074197e-02,3.399799331103678934e-01,4.159163879598661850e-01,9.339464882943143698e-02,-7.938795986622074197e-02,3.399799331103678934e-01,4.159163879598661850e-01
9.342140468227425054e-02,-7.944816053511706555e-02,3.340802675585283765e-01,4.103344481605351035e-01,9.342140468227425054e-02,-7.944816053511706555e-02,3.340802675585283765e-01,4.103344481605351035e-01
9.344816053511705023e-02,-7.950836120401338913e-02,3.281806020066888596e-01,4.047525083612040220e-01,9.344816053511705023e-02,-7.950836120401338913e-02,3.281806020066888596e-01,4.047525083612040220e-01
9.347491638795986379e-02,-7.956856187290969884e-02,3.222809364548495648e-01,3.991705685618727184e-01,9.347491638795986379e-02,-7.956856187290969884e-02,3.222809364548495648e-01,3.991705685618727184e-01
9.350167224080267736e-02,-7.962876254180602242e-02,3.163812709030100478e-01,3.935886287625416369e-01,9.350167224080267736e-02,-7.962876254180602242e-02,3.163812709030100478e-01,3.935886287625416369e-01
9.352842809364549093e-02,-7.968896321070234601e-02,3.104816053511705309e-01,3.880066889632105553e-01,9.352842809364549093e-02,-7.968896321070234601e-02,3.104816053511705309e-01,3.880066889632105553e-01
9.355518394648829061e-02,-7.974916387959866959e-02,3.045819397993310140e-01,3.824247491638794738e-01,9.355518394648829061e-02,-7.974916387959866959e-02,3.045819397993310140e-01,3.824247491638794738e-01
9.358193979933110418e-02,-7.980936454849499317e-02,2.986822742474917192e-01,3.768428093645483923e-01,9.358193979933110418e-02,-7.980936454849499317e-02,2.986822742474917192e-01,3.768428093645483923e-01
9.360869565217391775e-02,-7.986956521739130288e-02,2.927826086956522023e-01,3.712608695652173108e-01,9.360869565217391775e-02,-7.986956521739130288e-02,2.927826086956522023e-01,3.712608695652173108e-01
9.363545150501671743e-02,-7.992976588628762646e-02,2.868829431438126853e-01,3.656789297658862292e-01,9.363545150501671743e-02,-7.992976588628762646e-02,2.868829431438126853e-01,3.656789297658862292e-01
9.366220735785953100e-02,-7.998996655518395005e-02,2.809832775919731684e-01,3.600969899665551477e-01,9.366220735785953100e-02,-7.998996655518395005e-02,2.809832775919731684e-01,3.600969899665551477e-01
9.368896321070234456e-02,-8.005016722408027363e-02,2.750836120401338736e-01,3.545150501672240662e-01,9.368896321070234456e-02,-8.005016722408027363e-02,2.750836120401338736e-01,3.545150501672240662e-01
9.371571906354514425e-02,-8.011036789297659721e-02,2.691839464882943567e-01,3.489331103678929846e-01,9.371571906354514425e-02,-8.011036789297659721e-02,2.691839464882943567e-01,3.489331103678929846e-01
9.374247491638795782e-02,-8.017056856187290692e-02,2.632842809364548398e-01,3.433511705685616811e-01,9.374247491638795782e-02,-8.017056856187290692e-02,2.632842809364548398e-01,3.433511705685616811e-01
9.376923076923077138e-02,-8.023076923076923050e-02,2.573846153846153229e-01,3.377692307692305995e-01,9.376923076923077138e-02,-8.023076923076923050e-02,2.573846153846153229e-01,3.377692307692305995e-01
9.379598662207358495e-02,-8.029096989966555409e-02,2.514849498327760280e-01,3.321872909698995180e-01,9.379598662207358495e-02,-8.029096989966555409e-02,2.514849498327760280e-01,3.321872909698995180e-01
9.382274247491638464e-02,-8.035117056856187767e-02,2.455852842809365111e-01,3.266053511705684365e-01,9.382274247491638464e-02,-8.035117056856187767e-02,2.455852842809365111e-01,3.266053511705684365e-01
9.384949832775919820e-02,-8.041137123745820126e-02,2.396856187290969942e-01,3.210234113712373549e-01,9.384949832775919820e-02,-8.041137123745820126e-02,2.396856187290969942e-01,3.210234113712373549e-01
9.387625418060201177e-02,-8.047157190635452484e-02,2.337859531772574773e-01,3.154414715719062734e-01,9.387625418060201177e-02,-8.047157190635452484e-02,2.337859531772574773e-01,3.154414715719062734e-01
9.390301003344481146e-02,-8.053177257525083454e-02,2.278862876254179604e-01,3.098595317725751919e-01,9.390301003344481146e-02,-8.053177257525083454e-02,2.278862876254179604e-01,3.098595317725751919e-01
9.392976588628762502e-02,-8.059197324414715813e-02,2.219866220735786655e-01,3.042775919732441103e-01,9.392976588628762502e-02,-8.059197324414715813e-02,2.219866220735786655e-01,3.042775919732441103e-01
9.395652173913043859e-02,-8.065217391304348171e-02,2.160869565217391486e-01,2.986956521739130288e-01,9.395652173913043859e-02,-8.065217391304348171e-02,2.160869565217391486e-01,2.986956521739130288e-01
9.398327759197323827e-02,-8.071237458193980530e-02,2.101872909698996317e-01,2.931137123745817252e-01,9.398327759197323827e-02,-8.071237458193980530e-02,2.101872909698996317e-01,2.931137123745817252e-01
9.401003344481605184e-02,-8.077257525083612888e-02,2.042876254180601148e-01,2.875317725752506437e-01,9.401003344481605184e-02,-8.077257525083612888e-02,2.042876254180601148e-01,2.875317725752506437e-01
9.403678929765886541e-02,-8.083277591973245246e-02,1.983879598662208199e-01,2.819498327759195622e-01,9.403678929765886541e-02,-8.083277591973245246e-02,1.983879598662208199e-01,2.819498327759195622e-01
9.406354515050166509e-02,-8.089297658862876217e-02,1.924882943143813030e-01,2.763678929765884806e-01,9.406354515050166509e-02,-8.089297658862876217e-02,1.924882943143813030e-01,2.763678929765884806e-01
9.409030100334447866e-02,-8.095317725752508575e-02,1.865886287625417861e-01,2.707859531772573991e-01,9.409030100334447866e-02,-8.095317725752508575e-02,1.865886287625417861e-01,2.707859531772573991e-01
9.411705685618729222e-02,-8.101337792642140934e-02,1.806889632107022692e-01,2.652040133779263176e-01,9.411705685618729222e-02,-8.101337792642140934e-02,1.806889632107022692e-01,2.652040133779263176e-01
9.414381270903010579e-02,-8.107357859531773292e-02,1.747892976588629743e-01,2.596220735785952360e-01,9.414381270903010579e-02,-8.107357859531773292e-02,1.747892976588629743e-01,2.596220735785952360e-01
9.417056856187290548e-02,-8.113377926421405650e-02,1.688896321070234574e-01,2.540401337792641545e-01,9.417056856187290548e-02,-8.113377926421405650e-02,1.688896321070234574e-01,2.540401337792641545e-01
9.419732441471571904e-02,-8.119397993311036621e-02,1.629899665551839405e-01,2.484581939799330730e-01,9.419732441471571904e-02,-8.119397993311036621e-02,1.629899665551839405e-01,2.484581939799330730e-01
9.422408026755853261e-02,-8.125418060200668979e-02,1.570903010033444236e-01,2.428762541806019915e-01,9.422408026755853261e-02,-8.125418060200668979e-02,1.570903010033444236e-01,2.428762541806019915e-01
9.425083612040133230e-02,-8.131438127090301338e-02,1.511906354515051287e-01,2.372943143812706879e-01,9.425083612040133230e-02,-8.131438127090301338e-02,1.511906354515051287e-01,2.372943143812706879e-01
9.427759197324414586e-02,-8.137458193979933696e-02,1.452909698996656118e-01,2.317123745819396063e-01,9.427759197324414586e-02,-8.137458193979933696e-02,1.452909698996656118e-01,2.317123745819396063e-01
9.430434782608695943e-02,-8.143478260869566054e-02,1.393913043478260949e-01,2.261304347826085248e-01,9.430434782608695943e-02,-8.143478260869566054e-02,1.393913043478260949e-01,2.261304347826085248e-01
9.433110367892977299e-02,-8.149498327759197025e-02,1.334916387959865780e-01,2.205484949832774433e-01,9.433110367892977299e-02,-8.149498327759197025e-02,1.334916387959865780e-01,2.205484949832774433e-01
9.435785953177257268e-02,-8.155518394648829383e-02,1.275919732441470611e-01,2.149665551839463618e-01,9.435785953177257268e-02,-8.155518394648829383e-02,1.275919732441470611e-01,2.149665551839463618e-01
9.438461538461538625e-02,-8.161538461538461742e-02,1.216923076923077662e-01,2.093846153846152802e-01,9.438461538461538625e-02,-8.161538461538461742e-02,1.216923076923077662e-01,2.093846153846152802e-01
9.441137123745819981e-02,-8.167558528428094100e-02,1.157926421404682493e-01,2.038026755852841987e-01,9.441137123745819981e-02,-8.167558528428094100e-02,1.157926421404682493e-01,2.038026755852841987e-01
9.443812709030099950e-02,-8.173578595317726458e-02,1.098929765886287324e-01,1.982207357859531172e-01,9.443812709030099950e-02,-8.173578595317726458e-02,1.098929765886287324e-01,1.982207357859531172e-01
9.446488294314381307e-02,-8.179598662207357429e-02,1.039933110367892155e-01,1.926387959866220356e-01,9.446488294314381307e-02,-8.179598662207357429e-02,1.039933110367892155e-01,1.926387959866220356e-01
9.449163879598662663e-02,-8.185618729096991175e-02,9.809364548494992064e-02,1.870568561872909541e-01,9.449163879598662663e-02,-8.185618729096991175e-02,9.809364548494992064e-02,1.870568561872909541e-01
9.451839464882942632e-02,-8.191638795986622146e-02,9.219397993311040373e-02,1.814749163879596505e-01,9.451839464882942632e-02,-8.191638795986622146e-02,9.219397993311040373e-02,1.814749163879596505e-01
9.454515050167223988e-02,-8.197658862876254504e-02,8.629431438127088683e-02,1.758929765886285690e-01,9.454515050167223988e-02,-8.197658862876254504e-02,8.629431438127088683e-02,1.758929765886285690e-01
9.457190635451505345e-02,-8.203678929765886862e-02,8.039464882943136992e-02,1.703110367892974875e-01,9.457190635451505345e-02,-8.203678929765886862e-02,8.039464882943136992e-02,1.703110367892974875e-01
9.459866220735785314e-02,-8.209698996655519221e-02,7.449498327759207505e-02,1.647290969899664059e-01,9.459866220735785314e-02,-8.209698996655519221e-02,7.449498327759207505e-02,1.647290969899664059e-01
9.462541806020066670e-02,-8.215719063545151579e-02,6.859531772575255815e-02,1.591471571906353244e-01,9.462541806020066670e-02,-8.215719063545151579e-02,6.859531772575255815e-02,1.591471571906353244e-01
9.465217391304348027e-02,-8.221739130434782550e-02,6.269565217391304124e-02,1.535652173913042429e-01,9.465217391304348027e-02,-8.221739130434782550e-02,6.269565217391304124e-02,1.535652173913042429e-01
9.467892976588629383e-02,-8.227759197324414908e-02,5.679598662207352433e-02,1.479832775919731613e-01,9.467892976588629383e-02,-8.227759197324414908e-02,5.679598662207352433e-02,1.479832775919731613e-01
9.470568561872909352e-02,-8.233779264214047267e-02,5.089632107023422947e-02,1.424013377926420798e-01,9.470568561872909352e-02,-8.233779264214047267e-02,5.089632107023422947e-02,1.424013377926420798e-01
9.473244147157190709e-02,-8.239799331103679625e-02,4.499665551839471256e-02,1.368193979933109983e-01,9.473244147157190709e-02,-8.239799331103679625e-02,4.499665551839471256e-02,1.368193979933109983e-01
9.475919732441472065e-02,-8.245819397993311983e-02,3.909698996655519565e-02,1.312374581939799167e-01,9.475919732441472065e-02,-8.245819397993311983e-02,3.909698996655519565e-02,1.312374581939799167e-01
9.478595317725752034e-02,-8.251839464882942954e-02,3.319732441471567874e-02,1.256555183946486132e-01,9.478595317725752034e-02,-8.251839464882942954e-02,3.319732441471567874e-02,1.256555183946486132e-01
9.481270903010033391e-02,-8.257859531772575312e-02,2.729765886287616183e-02,1.200735785953175316e-01,9.481270903010033391e-02,-8.257859531772575312e-02,2.729765886287616183e-02,1.200735785953175316e-01
9.483946488294314747e-02,-8.263879598662207671e-02,2.139799331103686697e-02,1.144916387959864501e-01,9.483946488294314747e-02,-8.263879598662207671e-02,2.139799331103686697e-02,1.144916387959864501e-01
9.486622073578596104e-02,-8.269899665551840029e-02,1.549832775919735006e-02,1.089096989966553686e-01,9.486622073578596104e-02,-8.269899665551840029e-02,1.549832775919735006e-02,1.089096989966553686e-01
9.489297658862876073e-02,-8.275919732441472387e-02,9.598662207357833154e-03,1.033277591973242870e-01,9.489297658862876073e-02,-8.275919732441472387e-02,9.598662207357833154e-03,1.033277591973242870e-01
9.491973244147157429e-02,-8.281939799331103358e-02,3.698996655518316246e-03,9.774581939799320551e-02,9.491973244147157429e-02,-8.281939799331103358e-02,3.698996655518316246e-03,9.774581939799320551e-02
9.494648829431438786e-02,-8.287959866220735716e-02,-2.200668896320978618e-03,9.216387959866212398e-02,9.494648829431438786e-02,-8.287959866220735716e-02,-2.200668896320978618e-03,9.216387959866212398e-02
9.497324414715718754e-02,-8.293979933110368075e-02,-8.100334448160495526e-03,8.658193979933104245e-02,9.497324414715718754e-02,-8.293979933110368075e-02,-8.100334448160495526e-03,8.658193979933104245e-02
9.500000000000000111e-02,-8.300000000000000433e-02,-1.400000000000000029e-02,8.100000000000000255e-02,9.500000000000000111e-02,-8.300000000000000433e-02,-1.400000000000000029e-02,8.100000000000000255e-02
