-0.211194,0.011947,0.345169,-0.019973999999999992,-0.0171421,-0.09860780000000001,0.30395,-0.13339600000000001
-0.208003,0.02008199999999999,0.349375,-0.022260000000000002,-0.0223878,-0.08215420000000001,0.317377,-0.135626
-0.205208,0.024146999999999988,0.350288,-0.020651000000000003,-0.0263991,-0.0714121,0.325706,-0.133546
-0.202314,0.027236999999999983,0.352434,-0.021150000000000002,-0.0298601,-0.05866710000000001,0.338994,-0.137857
-0.1932,0.040134,0.353197,-0.016499000000000014,-0.0419114,-0.0173542,0.381745,-0.134941
-0.186132,0.05404399999999998,0.358081,-0.018475999999999992,-0.0554748,0.023396,0.426068,-0.135242
-0.181136,0.062262999999999985,0.365303,-0.013811999999999991,-0.0676851,0.054705000000000004,0.463356,-0.135295
-0.17966,0.067711,0.369461,-0.01152700000000001,-0.0727675,0.075017,0.490419,-0.1485
-0.175343,0.07527899999999998,0.3741,-0.0072500000000000064,-0.0847415,0.11316799999999999,0.5414,-0.1532628
-0.169214,0.0817,0.375705,-0.008243,-0.093948,0.147398,0.584058,-0.1690408
-0.168337,0.08590599999999998,0.3834,-0.0019530000000000103,-0.0966176,0.17959299999999997,0.634381,-0.1767194
-0.162825,0.09070500000000001,0.388296,-0.0009240000000000081,-0.112421,0.22213399999999997,0.690782,-0.193837
-0.159501,0.096555,0.392309,0.002912999999999999,-0.117233,0.25486299999999995,0.732651,-0.21675149999999999
-0.154947,0.097555,0.395527,0.007666999999999979,-0.124026,0.283335,0.770419,-0.230676
-0.150923,0.099383,0.39935,0.007537999999999989,-0.128613,0.312442,0.809583,-0.24559997
-0.14558,0.10134699999999999,0.401486,0.007050999999999974,-0.133393,0.34548199999999996,0.84735,-0.25664302
-0.14021,0.10277700000000001,0.40299,0.009143000000000012,-0.140218,0.379598,0.885107,-0.2739624
-0.136529,0.10391899999999998,0.408167,0.015714000000000006,-0.146102,0.40697800000000006,0.915356,-0.2654265
-0.132863,0.10436699999999999,0.411354,0.018015999999999976,-0.149881,0.433945,0.945456,-0.2655979
-0.125652,0.103992,0.412836,0.016176999999999997,-0.156808,0.46282200000000007,0.971323,-0.2645475
-0.122456,0.10462199999999999,0.417838,0.021067999999999976,-0.158851,0.48748100000000005,0.989606,-0.2646804
-0.11602,0.102685,0.419285,0.024828000000000017,-0.161775,0.5135460000000001,1.00826,-0.2652054
-0.110981,0.10322599999999998,0.420634,0.029129000000000016,-0.161077,0.535251,1.01633,-0.25666999
-0.106122,0.105096,0.42494,0.029723,-0.164123,0.5587030000000001,1.02594,-0.2746765
-0.102885,0.108545,0.431327,0.03708600000000001,-0.160786,0.578535,1.02801,-0.2722785
-0.0994644,0.114512,0.438027,0.03612700000000002,-0.160957,0.5984900000000001,1.02352,-0.2736119
-0.0964846,0.116622,0.44606,0.04066599999999998,-0.162619,0.610679,1.01467,-0.2839698
-0.0923836,0.118762,0.454104,0.04507899999999998,-0.167162,0.621662,1.00176,-0.2847127
-0.0861307,0.119977,0.463583,0.052066999999999974,-0.170957,0.633297,0.985862,-0.3057053
-0.0826756,0.124275,0.476034,0.050731000000000026,-0.17594,0.641213,0.965863,-0.3075654
-0.0775917,0.125104,0.483424,0.058885999999999994,-0.179477,0.650212,0.944347,-0.3345867
-0.0741658,0.131489,0.503092,0.06630799999999998,-0.17627,0.651903,0.916209,-0.353295
-0.0725334,0.14048,0.52329,0.074133,-0.181778,0.658624,0.88694,-0.386433
-0.0677228,0.147676,0.543926,0.08122200000000002,-0.187475,0.659577,0.856056,-0.413994
-0.0638478,0.15887199999999999,0.572097,0.08813199999999999,-0.186956,0.657265,0.823562,-0.441153
-0.0603649,0.16693299999999997,0.595909,0.098835,-0.190806,0.6550940000000001,0.789527,-0.472111
-0.0557987,0.17739200000000002,0.625206,0.103987,-0.195604,0.653038,0.757297,-0.49898600000000004
-0.0537844,0.19233799999999998,0.66201,0.11165599999999998,-0.204733,0.650653,0.725868,-0.531019
-0.0507615,0.207508,0.701998,0.11885299999999999,-0.208275,0.6393880000000001,0.685522,-0.562109
-0.0476792,0.224631,0.744014,0.12673299999999998,-0.212504,0.63335,0.657012,-0.5853999999999999
-0.0443392,0.23950799999999997,0.779705,0.12882900000000003,-0.220078,0.627806,0.625935,-0.61788
-0.0459142,0.25287499999999996,0.818045,0.12793300000000002,-0.225626,0.615114,0.591483,-0.645061
-0.041896,0.26337900000000003,0.851517,0.13993299999999997,-0.229556,0.605019,0.5637,-0.663109
-0.0415622,0.27571500000000004,0.891338,0.14771299999999998,-0.234229,0.593952,0.537183,-0.690735
-0.0415029,0.28744400000000003,0.927617,0.150524,-0.238769,0.582518,0.514564,-0.6996100000000001
-0.0389435,0.29777,0.963251,0.155327,-0.241822,0.571442,0.494562,-0.721529
-0.0445532,0.309721,1.00146,0.157962,-0.243736,0.557364,0.476572,-0.723301
-0.0421577,0.316951,1.03105,0.16811900000000002,-0.246696,0.54352,0.455658,-0.7315119999999999
-0.0473933,0.32530800000000004,1.06371,0.171968,-0.247169,0.526397,0.439459,-0.725042
-0.0467722,0.334596,1.09924,0.186135,-0.248638,0.515655,0.431297,-0.714506
-0.0482408,0.34269099999999997,1.13257,0.193411,-0.24998,0.502661,0.421698,-0.7030719999999999
-0.0483304,0.35303300000000004,1.16711,0.19088100000000002,-0.249407,0.48835800000000007,0.41441,-0.6804250000000001
-0.0569694,0.35929500000000003,1.2015,0.192189,-0.247693,0.475001,0.417376,-0.642617
-0.0599753,0.37273999999999996,1.2396,0.18678899999999998,-0.244742,0.46414600000000006,0.420826,-0.596391
-0.0621841,0.385806,1.27825,0.183857,-0.244636,0.457894,0.432437,-0.546268
-0.0628306,0.404054,1.31841,0.168806,-0.242214,0.44833200000000006,0.434402,-0.492455
-0.072592,0.42516,1.36079,0.139783,-0.238737,0.438906,0.437445,-0.447382
-0.081966,0.44372,1.40448,0.12193399999999999,-0.233373,0.43165600000000004,0.449744,-0.393702
-0.095281,0.46384100000000006,1.44832,0.08454600000000001,-0.231059,0.42952500000000005,0.46835,-0.354207
-0.109611,0.491943,1.49486,0.05145899999999998,-0.226267,0.429474,0.485682,-0.3035565
-0.119565,0.516686,1.53942,0.012461999999999973,-0.221377,0.43013,0.506384,-0.2620918
-0.133134,0.539801,1.58241,-0.023917999999999995,-0.217632,0.430357,0.52847,-0.22521940000000001
-0.146556,0.5679890000000001,1.62429,-0.05840400000000001,-0.21551,0.433531,0.550937,-0.1941881
-0.159336,0.596157,1.66178,-0.08920700000000001,-0.213001,0.43873000000000006,0.573129,-0.16318749999999999
-0.17034,0.625579,1.69835,-0.106991,-0.210293,0.44362100000000004,0.595611,-0.142701
-0.176064,0.65459,1.7285,-0.133221,-0.206308,0.44670300000000007,0.61277,-0.125477
-0.182288,0.682405,1.75504,-0.138124,-0.206358,0.453307,0.633967,-0.107732
-0.184642,0.707809,1.77578,-0.13608900000000002,-0.205541,0.45688800000000007,0.649043,-0.092835
-0.19408,0.737044,1.78944,-0.143904,-0.203144,0.46497600000000006,0.667216,-0.08704700000000001
-0.196948,0.7627780000000001,1.79957,-0.139878,-0.199041,0.46665,0.677475,-0.076737
-0.198107,0.786297,1.80042,-0.141342,-0.195349,0.46679000000000004,0.683151,-0.06512699999999999
-0.20192,0.807466,1.79748,-0.136384,-0.19108,0.46703300000000003,0.693016,-0.05801200000000001
-0.203928,0.825028,1.78657,-0.12285099999999999,-0.186259,0.46437700000000004,0.696317,-0.049459
-0.205729,0.845006,1.76885,-0.12623499999999999,-0.180815,0.46394100000000005,0.697646,-0.042441000000000006
-0.207434,0.8581460000000001,1.74455,-0.123701,-0.177222,0.45909900000000003,0.697927,-0.037999000000000005
-0.203232,0.865773,1.71173,-0.131605,-0.171398,0.451832,0.69543,-0.031197000000000003
-0.207419,0.876359,1.67305,-0.14727200000000001,-0.165203,0.448326,0.690798,-0.02821399999999999
-0.205385,0.888665,1.63133,-0.1622651,-0.157349,0.448507,0.690131,-0.019144999999999995
-0.198819,0.891313,1.58155,-0.1845222,-0.151635,0.445709,0.689009,-0.019574000000000008
-0.199495,0.892032,1.52774,-0.2088693,-0.147599,0.44497300000000006,0.689332,-0.01610700000000001
-0.194902,0.8837240000000001,1.46925,-0.24186041,-0.14419,0.440476,0.692815,-0.014000000000000012
-0.193132,0.873854,1.40781,-0.2677143,-0.139825,0.43414700000000006,0.693652,-0.01425499999999999
-0.189874,0.860038,1.34324,-0.3054738,-0.136587,0.432569,0.703699,-0.011088999999999988
-0.188551,0.844464,1.27859,-0.3404617,-0.131537,0.42829400000000006,0.710046,-0.005636000000000002
-0.192316,0.8324630000000001,1.21157,-0.38111,-0.124641,0.42825100000000005,0.721165,-0.0012270000000000059
-0.185719,0.810224,1.14279,-0.420138,-0.121972,0.42510900000000007,0.732288,0.0008389999999999787
-0.182207,0.787354,1.07417,-0.454733,-0.120225,0.4252,0.750073,0.009172000000000013
-0.179814,0.76688,1.00627,-0.49377899999999997,-0.115764,0.424482,0.760848,0.017921999999999993
-0.175831,0.744648,0.942996,-0.5267390000000001,-0.111746,0.422462,0.777786,0.028583000000000025
-0.175023,0.715529,0.874488,-0.554921,-0.106022,0.420181,0.795724,0.03611799999999998
-0.174417,0.689652,0.812213,-0.586384,-0.100881,0.417667,0.814744,0.049624
-0.172089,0.667435,0.756091,-0.608062,-0.0968644,0.419322,0.838174,0.06531199999999998
-0.172536,0.6396970000000001,0.689968,-0.634652,-0.0896759,0.41882600000000003,0.857314,0.08030700000000002
-0.170227,0.617726,0.646627,-0.646101,-0.0856579,0.42050300000000007,0.884745,0.08992299999999998
-0.175903,0.590493,0.589557,-0.670769,-0.0794428,0.41799200000000003,0.909746,0.10262300000000002
-0.175155,0.560426,0.540211,-0.686788,-0.0754854,0.4145960000000001,0.935962,0.11758600000000002
-0.176093,0.5415380000000001,0.508163,-0.698188,-0.0733793,0.418612,0.968058,0.127432
-0.177184,0.518194,0.469679,-0.703498,-0.0691381,0.42067699999999997,0.996747,0.139787
-0.178701,0.500236,0.443034,-0.7087479999999999,-0.0685433,0.425214,1.02906,0.15131899999999998
-0.18054,0.47827,0.41504,-0.702994,-0.0646964,0.42857500000000004,1.06082,0.15131
-0.183676,0.45813800000000005,0.392659,-0.701415,-0.0623509,0.43006500000000003,1.09173,0.15866799999999998
-0.18143,0.433847,0.36712,-0.698178,-0.0611858,0.43355600000000005,1.12353,0.175485
-0.184273,0.415593,0.35759,-0.6798500000000001,-0.0570706,0.434071,1.1534,0.18411899999999998
-0.185188,0.4042,0.357122,-0.643618,-0.0581935,0.44167100000000004,1.18637,0.187048
-0.185861,0.39019800000000004,0.35421,-0.6092420000000001,-0.0635116,0.44976400000000005,1.21963,0.180996
-0.187869,0.380517,0.357197,-0.572635,-0.0660698,0.457777,1.25359,0.19035400000000002
-0.186738,0.367436,0.359212,-0.529486,-0.0711335,0.466136,1.28776,0.18681999999999999
-0.188355,0.361614,0.371536,-0.48157,-0.0737536,0.47431,1.32135,0.181962
-0.187025,0.353008,0.378395,-0.438723,-0.0810822,0.484641,1.35649,0.181209
-0.187372,0.346468,0.392677,-0.388052,-0.0864914,0.49651500000000004,1.3935,0.154684
-0.185679,0.34248199999999995,0.404993,-0.3402175,-0.0972838,0.5151600000000001,1.43119,0.12215999999999999
-0.1834,0.33804,0.414772,-0.2980692,-0.103963,0.53373,1.46885,0.10062199999999999
-0.184436,0.334326,0.423153,-0.2603496,-0.109732,0.549838,1.50443,0.07879399999999998
-0.182503,0.331982,0.443105,-0.2216526,-0.115974,0.565852,1.53926,0.03673599999999999
-0.181075,0.32868699999999995,0.456084,-0.1898747,-0.121771,0.585836,1.5735,-0.0032290000000000096
-0.176737,0.325657,0.472553,-0.15620630000000002,-0.133454,0.605656,1.60318,-0.04996600000000001
-0.175272,0.32382,0.482842,-0.13306099999999998,-0.135809,0.629822,1.63066,-0.10411999999999999
-0.17011,0.32291099999999995,0.495229,-0.10843,-0.145683,0.6537000000000001,1.65521,-0.143071
-0.166359,0.32237799999999994,0.508036,-0.095476,-0.157794,0.673627,1.67191,-0.1732381
-0.159377,0.31959400000000004,0.518257,-0.07700099999999999,-0.165435,0.696538,1.68656,-0.211287
-0.155677,0.31796599999999997,0.528776,-0.062188999999999994,-0.172085,0.7166330000000001,1.69495,-0.2372756
-0.151344,0.31679199999999996,0.537637,-0.04927000000000001,-0.178437,0.7361960000000001,1.69819,-0.25317494
-0.14676,0.315925,0.546907,-0.042825,-0.187009,0.75574,1.69619,-0.2691342
-0.142556,0.31381800000000004,0.552027,-0.036691,-0.189931,0.77198,1.68858,-0.2789734
-0.135813,0.30785300000000004,0.552442,-0.028343000000000007,-0.194312,0.7852330000000001,1.6731,-0.2859916
-0.132904,0.302361,0.553252,-0.025816000000000006,-0.186716,0.794003,1.65091,-0.3035008
-0.128387,0.29303999999999997,0.546102,-0.02047099999999999,-0.184971,0.803755,1.62563,-0.3137384
-0.125614,0.28756099999999996,0.545908,-0.022076000000000012,-0.179878,0.807752,1.59306,-0.3124887
-0.122921,0.281902,0.544512,-0.01736499999999999,-0.182768,0.811036,1.55488,-0.32996369999999997
-0.118788,0.27225299999999997,0.538683,-0.016903,-0.181324,0.810202,1.51242,-0.3467657
-0.114055,0.26237900000000003,0.53415,-0.015056000000000014,-0.180051,0.804075,1.46558,-0.359705
-0.111253,0.25451999999999997,0.52888,-0.013642999999999988,-0.179808,0.797598,1.41352,-0.379716
-0.10926,0.251505,0.528544,-0.010189000000000004,-0.181957,0.789933,1.35838,-0.396341
-0.116335,0.25208600000000003,0.531029,-0.006610000000000005,-0.179802,0.7788390000000001,1.30202,-0.407601
-0.110299,0.24668700000000002,0.530946,0.00013299999999999423,-0.182957,0.76597,1.24049,-0.43782699999999997
-0.107255,0.23942899999999998,0.52651,0.009701999999999988,-0.188801,0.752499,1.17923,-0.45066
-0.113169,0.241366,0.53044,0.015168000000000015,-0.181788,0.738063,1.11691,-0.474568
-0.103353,0.233144,0.531011,0.02517999999999998,-0.18231,0.71573,1.04857,-0.499251
-0.096213,0.22933099999999998,0.533809,0.033107,-0.180881,0.699813,0.987314,-0.518644
-0.0896687,0.225691,0.538843,0.047427,-0.179154,0.6816800000000001,0.926193,-0.5437719999999999
-0.0842938,0.220965,0.546299,0.055032000000000025,-0.179724,0.658933,0.863947,-0.567591
-0.077051,0.218266,0.562474,0.06884499999999999,-0.184898,0.636783,0.804433,-0.5952660000000001
-0.0665775,0.215703,0.579086,0.07905299999999998,-0.191142,0.617083,0.750776,-0.611904
-0.0586278,0.21438,0.599177,0.09196900000000002,-0.196276,0.593734,0.694922,-0.640378
-0.0513447,0.214539,0.620748,0.09741,-0.191483,0.5633480000000001,0.634227,-0.6689499999999999
-0.0449913,0.21743300000000002,0.648945,0.108626,-0.197352,0.5436610000000001,0.590123,-0.683756
-0.0409644,0.226011,0.681612,0.11966199999999999,-0.19886,0.527425,0.551933,-0.695316
-0.0361051,0.23501999999999998,0.717668,0.12865700000000002,-0.200491,0.50591,0.504561,-0.724001
-0.0284167,0.24223199999999998,0.754223,0.13672099999999998,-0.207454,0.4870610000000001,0.470097,-0.730796
-0.0245695,0.25577799999999995,0.797939,0.152194,-0.209847,0.46946200000000005,0.440211,-0.73766
-0.0204682,0.26994700000000005,0.837929,0.15356399999999998,-0.211364,0.450817,0.401205,-0.756574
-0.0168911,0.28136399999999995,0.880151,0.16030100000000003,-0.214165,0.43488800000000005,0.378682,-0.764211
-0.0194759,0.297805,0.925299,0.16407100000000002,-0.213366,0.422118,0.361044,-0.76719
-0.0153618,0.309032,0.966663,0.17511700000000002,-0.218513,0.41005900000000006,0.349126,-0.769336
-0.0122838,0.318929,1.00621,0.17069299999999998,-0.221657,0.396004,0.337283,-0.762584
-0.0149791,0.33580999999999994,1.053,0.17249399999999998,-0.223678,0.386926,0.331063,-0.747099
-0.014755,0.35364799999999996,1.0978,0.17339,-0.224298,0.37903,0.329924,-0.724904
-0.016632,0.36675599999999997,1.14289,0.17274699999999998,-0.225022,0.370135,0.337505,-0.697112
-0.0224276,0.388208,1.19179,0.16671399999999997,-0.221136,0.36422,0.34702,-0.648137
-0.0287884,0.406917,1.23925,0.16968899999999998,-0.22035,0.359754,0.363323,-0.6038669999999999
-0.0350986,0.4208930000000001,1.28244,0.16560399999999997,-0.219505,0.354595,0.379554,-0.556345
-0.0412976,0.43755600000000006,1.32773,0.152905,-0.216371,0.349946,0.398865,-0.496521
-0.0532255,0.45928100000000005,1.37465,0.146806,-0.211761,0.349021,0.418783,-0.43882
-0.060731,0.475102,1.41862,0.12573099999999998,-0.208965,0.34808300000000003,0.442248,-0.389479
-0.083614,0.49479800000000007,1.46343,0.10268899999999997,-0.202767,0.349152,0.467252,-0.338696
-0.0938839,0.515539,1.50798,0.081978,-0.198894,0.351183,0.493156,-0.2923611
-0.100151,0.53884,1.5509,0.05496099999999998,-0.196149,0.35526499999999994,0.51841,-0.24274897
-0.112515,0.562836,1.59116,0.011073999999999973,-0.190061,0.36001799999999995,0.543441,-0.20424330000000002
-0.128286,0.582254,1.62646,-0.025108999999999992,-0.182677,0.361348,0.563938,-0.1748306
-0.137227,0.602296,1.66003,-0.059003,-0.17865,0.36281299999999994,0.58669,-0.147651
-0.148474,0.621718,1.68899,-0.10597899999999999,-0.173162,0.36417599999999994,0.608375,-0.11846899999999999
-0.158911,0.635745,1.71225,-0.133186,-0.167464,0.36307500000000004,0.627808,-0.094279
-0.162196,0.655579,1.73343,-0.1588928,-0.162511,0.362872,0.641484,-0.07638900000000001
-0.166073,0.674678,1.74895,-0.1835512,-0.158079,0.363479,0.655329,-0.06270800000000001
-0.172095,0.692635,1.75939,-0.2007116,-0.147482,0.35960400000000003,0.661608,-0.05183399999999999
-0.179005,0.707692,1.76566,-0.2064399,-0.138531,0.35546900000000003,0.669855,-0.044539999999999996
-0.180649,0.721303,1.76716,-0.221691,-0.130898,0.347936,0.67272,-0.039134
-0.180167,0.734305,1.76345,-0.2216014,-0.122729,0.34188300000000005,0.674891,-0.02874299999999999
-0.17756,0.7437630000000001,1.7533,-0.2292344,-0.115132,0.328789,0.667909,-0.025391999999999998
-0.174271,0.752629,1.73759,-0.2342742,-0.110884,0.32227300000000003,0.668022,-0.024693999999999994
-0.170824,0.7600680000000001,1.71678,-0.236241,-0.105835,0.31451700000000005,0.66258,-0.02507100000000001
-0.165407,0.764935,1.68934,-0.24632811,-0.101403,0.30395700000000003,0.653736,-0.023668999999999996
-0.161521,0.76562,1.65762,-0.24832202,-0.0945447,0.28690899999999997,0.63571,-0.022751999999999994
-0.161393,0.768647,1.62105,-0.2618083,-0.0909732,0.281733,0.632819,-0.025092000000000003
-0.15828,0.766457,1.57843,-0.2735175,-0.0882026,0.26919000000000004,0.620434,-0.021333999999999992
-0.15822,0.762125,1.53164,-0.289034,-0.0827613,0.25601399999999996,0.60603,-0.023482000000000003
-0.158606,0.753978,1.48045,-0.3019754,-0.0807601,0.24854,0.603587,-0.02476700000000001
-0.159711,0.7471840000000001,1.42593,-0.3181869,-0.075761,0.238378,0.592545,-0.021651000000000004
-0.162181,0.734828,1.36853,-0.33669340000000003,-0.0718503,0.225946,0.585088,-0.020211000000000007
-0.162835,0.7234240000000001,1.3111,-0.357019,-0.0681465,0.21766,0.583756,-0.01705899999999999
-0.161424,0.709391,1.2491,-0.36791,-0.066097,0.211882,0.585427,-0.013881000000000004
-0.162747,0.6921350000000001,1.18494,-0.393513,-0.0618285,0.20403000000000002,0.58817,-0.0037439999999999973
-0.166072,0.671729,1.11741,-0.41711200000000004,-0.057893,0.194414,0.587841,-0.0009000000000000119
-0.173902,0.654479,1.05233,-0.435846,-0.0541061,0.19045199999999998,0.597883,0.007527000000000006
-0.170038,0.631718,0.984822,-0.459267,-0.0506462,0.184719,0.607531,0.016888999999999987
-0.168587,0.6076050000000001,0.91787,-0.489846,-0.0496401,0.18073799999999998,0.623528,0.028270000000000017
-0.171433,0.584308,0.851436,-0.512154,-0.0443588,0.177999,0.640978,0.038435
-0.170907,0.561565,0.78415,-0.540516,-0.045249,0.179814,0.663143,0.05080600000000002
-0.179914,0.55081,0.732498,-0.554461,-0.0410019,0.184306,0.688973,0.066031
-0.184801,0.533263,0.670934,-0.584425,-0.0375287,0.18754999999999997,0.713197,0.07577600000000001
-0.194096,0.523626,0.622562,-0.602241,-0.0343526,0.19591099999999997,0.745132,0.09837699999999999
-0.199187,0.508156,0.571763,-0.623149,-0.0299388,0.19866599999999998,0.774564,0.11482300000000001
-0.200505,0.492105,0.522078,-0.6404030000000001,-0.0291797,0.206672,0.809444,0.126446
-0.207686,0.48602500000000004,0.481419,-0.6590400000000001,-0.0230363,0.214967,0.842558,0.1412
-0.209554,0.46877500000000005,0.44,-0.669771,-0.0224332,0.22033299999999997,0.877485,0.15039200000000003
-0.214668,0.45694100000000004,0.402216,-0.6818489999999999,-0.0193224,0.22402999999999998,0.910802,0.177711
-0.212984,0.44642400000000004,0.37362,-0.690755,-0.0187658,0.23103100000000001,0.945539,0.18708799999999998
-0.21822,0.437538,0.344576,-0.6924520000000001,-0.0173705,0.23782299999999998,0.980056,0.19724799999999998
-0.219944,0.42664,0.319844,-0.708699,-0.0157194,0.24433000000000002,1.0135,0.20531
-0.221677,0.41407099999999997,0.298103,-0.7173320000000001,-0.0155369,0.25086600000000003,1.04952,0.19850099999999998
-0.222752,0.40215,0.279676,-0.724915,-0.0169179,0.25274299999999994,1.08057,0.20907399999999998
-0.224254,0.392864,0.272111,-0.723446,-0.0175754,0.25679300000000005,1.11555,0.21975299999999998
-0.228549,0.38822599999999996,0.267346,-0.713577,-0.0168295,0.26166100000000003,1.1445,0.21694600000000003
-0.231135,0.380293,0.265642,-0.707149,-0.01768,0.26592499999999997,1.17803,0.219638
-0.231984,0.370961,0.267061,-0.695153,-0.0193307,0.26993999999999996,1.21011,0.21860400000000002
-0.230983,0.360575,0.271086,-0.675,-0.0244083,0.270965,1.23573,0.22697099999999998
-0.231595,0.358005,0.28156,-0.6486529999999999,-0.0337643,0.28476599999999996,1.27423,0.211092
-0.231354,0.35353500000000004,0.297432,-0.6109530000000001,-0.0410962,0.29089600000000004,1.30484,0.196812
-0.231546,0.34955899999999995,0.307267,-0.579494,-0.0503854,0.30274500000000004,1.3401,0.18406899999999998
-0.234143,0.34735399999999994,0.32182,-0.543993,-0.0572183,0.31098899999999996,1.37037,0.16713499999999998
-0.23179,0.343182,0.329654,-0.502312,-0.0631998,0.32645899999999994,1.40272,0.14302399999999998
-0.232056,0.342336,0.344286,-0.463545,-0.074144,0.34414,1.43843,0.09562300000000001
-0.230791,0.34148900000000004,0.364891,-0.42268,-0.0855465,0.360553,1.47362,0.06113400000000002
-0.228194,0.338564,0.376948,-0.38294,-0.0984932,0.37698,1.50483,0.018569000000000002
-0.225204,0.336897,0.390402,-0.3491247,-0.104757,0.39468000000000003,1.5351,-0.014860000000000012
-0.222179,0.33469400000000005,0.402052,-0.31210910000000003,-0.114925,0.41273800000000005,1.56367,-0.06026400000000001
-0.219123,0.332557,0.412629,-0.286304,-0.122973,0.42834000000000005,1.59122,-0.086253
-0.215269,0.3285,0.422372,-0.2622432,-0.131243,0.445326,1.61724,-0.12426699999999999
-0.212005,0.32708499999999996,0.428101,-0.24330364,-0.137605,0.46412,1.64141,-0.1606302
-0.208488,0.323526,0.432726,-0.22724919999999998,-0.144915,0.4813700000000001,1.66249,-0.1934224
-0.205451,0.31914600000000004,0.437733,-0.20889839999999998,-0.151866,0.49509500000000006,1.67988,-0.2212688
-0.199008,0.311496,0.437939,-0.1999235,-0.156468,0.508146,1.69508,-0.23519299999999999
-0.194324,0.307036,0.441017,-0.1876491,-0.15959,0.5212450000000001,1.70734,-0.24553056
-0.189391,0.30221299999999995,0.440513,-0.1796917,-0.16424,0.535205,1.71653,-0.2620525
-0.184585,0.29458300000000004,0.438331,-0.17474109999999998,-0.172452,0.544512,1.72033,-0.2709545
-0.181183,0.28749800000000003,0.432436,-0.1744795,-0.171068,0.55401,1.71928,-0.2830264
-0.176771,0.27869599999999994,0.423885,-0.1698476,-0.174648,0.563242,1.7148,-0.2867988
-0.173682,0.27188900000000005,0.41592,-0.17273529999999998,-0.173894,0.572453,1.70602,-0.28588979999999997
-0.170543,0.266344,0.410723,-0.1713476,-0.177484,0.5813320000000001,1.69513,-0.2868301
-0.166266,0.25584799999999996,0.401389,-0.1737812,-0.179988,0.5819650000000001,1.67549,-0.2847132
-0.163762,0.247893,0.393997,-0.17491299999999999,-0.180838,0.585731,1.65449,-0.27651950000000003
-0.160183,0.23538099999999998,0.37949,-0.1729967,-0.182562,0.586708,1.62634,-0.2721436
-0.157682,0.22266299999999997,0.360759,-0.1732805,-0.176778,0.586547,1.59509,-0.2741724
-0.154578,0.21150899999999997,0.344823,-0.1803583,-0.175051,0.586107,1.56012,-0.2699371
-0.152439,0.20302099999999998,0.332977,-0.1838588,-0.174832,0.582362,1.52072,-0.2712402
-0.153497,0.20092999999999997,0.323683,-0.1797241,-0.173655,0.580981,1.47719,-0.2666521
-0.154159,0.196628,0.317419,-0.1830734,-0.175513,0.575281,1.43244,-0.2717386
-0.153052,0.18925499999999998,0.305201,-0.1888829,-0.174558,0.5648340000000001,1.38073,-0.2757752
-0.152916,0.180849,0.298899,-0.18518600000000002,-0.174758,0.551035,1.32993,-0.2816195
-0.154374,0.173496,0.291646,-0.1860521,-0.171261,0.534746,1.27385,-0.2756946
-0.154071,0.166789,0.284876,-0.1856569,-0.169323,0.517149,1.21634,-0.2757696
-0.154629,0.16200299999999998,0.278356,-0.1809839,-0.165591,0.500142,1.1569,-0.2816628
-0.154346,0.157836,0.27535,-0.18103239999999998,-0.16239,0.483367,1.10198,-0.2845111
-0.154731,0.15264799999999998,0.273707,-0.1741448,-0.160059,0.460063,1.03933,-0.2883903
-0.157488,0.15027899999999997,0.271368,-0.17320180000000002,-0.154151,0.43879999999999997,0.982558,-0.2812762
-0.157948,0.14820999999999998,0.26859,-0.1711488,-0.150285,0.41983400000000004,0.92924,-0.2841577
-0.15659,0.145562,0.266671,-0.1690805,-0.148095,0.403296,0.878713,-0.2910093
-0.157697,0.14463299999999998,0.269581,-0.1621541,-0.143518,0.376683,0.820243,-0.2858032
-0.157953,0.143286,0.27084,-0.15908129999999998,-0.142773,0.359568,0.77606,-0.285286
-0.156837,0.14359,0.273068,-0.1524624,-0.136456,0.337511,0.725979,-0.2839452
-0.157535,0.140714,0.27419,-0.150253,-0.130551,0.31336299999999995,0.680724,-0.2812412
-0.157837,0.136549,0.274351,-0.14834799999999998,-0.125955,0.29316699999999996,0.647708,-0.281079
-0.157234,0.134934,0.277499,-0.14127699999999999,-0.123458,0.27647900000000003,0.615707,-0.2760617
-0.158245,0.132823,0.279352,-0.137213,-0.114364,0.24714299999999997,0.571656,-0.2691948
-0.15826,0.132126,0.281827,-0.130392,-0.112995,0.235646,0.554152,-0.2635934
-0.157869,0.131179,0.284879,-0.126407,-0.109914,0.215892,0.522323,-0.24789621
-0.157966,0.130087,0.287416,-0.118008,-0.107179,0.20119499999999998,0.501957,-0.24404568
-0.159522,0.129834,0.289023,-0.114004,-0.104029,0.18819899999999998,0.484748,-0.2367987
-0.157511,0.12773099999999998,0.289866,-0.108038,-0.101081,0.17167999999999997,0.457993,-0.2235366
-0.156878,0.126302,0.289832,-0.106795,-0.0985199,0.15875399999999998,0.438949,-0.2193309
-0.157519,0.123614,0.292077,-0.09890499999999999,-0.0941141,0.139087,0.413059,-0.2084573
-0.156958,0.12404799999999999,0.292183,-0.09445400000000001,-0.0928661,0.13408799999999998,0.403474,-0.19853579999999998
-0.156584,0.12198799999999999,0.290874,-0.090759,-0.0910583,0.126265,0.390077,-0.1937774
-0.156247,0.11788699999999999,0.288339,-0.086618,-0.0859558,0.110123,0.368905,-0.1837315
-0.156671,0.11565599999999998,0.286947,-0.085288,-0.0833287,0.10278399999999999,0.358741,-0.18055290000000002
-0.156084,0.11472199999999999,0.287527,-0.08019599999999999,-0.0829244,0.09589699999999998,0.348048,-0.1717802
-0.156329,0.114044,0.286119,-0.07927999999999999,-0.0824917,0.09029499999999999,0.337181,-0.16824630000000002
-0.156274,0.11314199999999999,0.286277,-0.079686,-0.0805793,0.083571,0.324594,-0.1636232
-0.157035,0.11229999999999998,0.283734,-0.07730000000000001,-0.0773322,0.07626,0.3144,-0.1612263
-0.158991,0.11163599999999999,0.284003,-0.077573,-0.0737035,0.068968,0.304518,-0.1589991
-0.159044,0.11083699999999999,0.283516,-0.07830599999999999,-0.0715015,0.064522,0.297684,-0.1609729
-0.161182,0.110176,0.281834,-0.0796,-0.0708334,0.062249,0.293684,-0.1589515
-0.162305,0.10988899999999999,0.283332,-0.078731,-0.070046,0.05884599999999998,0.290972,-0.15773579999999998
-0.163869,0.109119,0.282125,-0.07716400000000001,-0.0678267,0.055740999999999985,0.287715,-0.1537576
-0.16625,0.10988299999999998,0.281154,-0.07808300000000001,-0.0664782,0.05190799999999998,0.28262,-0.1546002
-0.167568,0.10800699999999999,0.280263,-0.07907600000000001,-0.065371,0.047457,0.279028,-0.15351009999999998
-0.168816,0.10786299999999999,0.280058,-0.07933799999999999,-0.064679,0.04474,0.275972,-0.15419090000000002
-0.170283,0.10833799999999999,0.280694,-0.081202,-0.0625595,0.03967899999999999,0.270264,-0.15185700000000002
-0.170021,0.109076,0.281155,-0.08383299999999999,-0.0628466,0.03795899999999999,0.266049,-0.1543679
-0.170389,0.109515,0.281277,-0.083122,-0.0614634,0.035221,0.262639,-0.15491850000000001
-0.171518,0.10976,0.28191,-0.08488799999999999,-0.0617512,0.03234099999999998,0.259564,-0.15289809999999998
-0.171782,0.110074,0.280872,-0.085312,-0.0610542,0.030144000000000004,0.256072,-0.150757
-0.172485,0.11075399999999999,0.282128,-0.088816,-0.0604693,0.028564000000000006,0.253676,-0.149786
-0.172377,0.111037,0.282448,-0.089198,-0.0604342,0.027643,0.25249,-0.1503342
-0.172512,0.11160300000000001,0.282617,-0.087616,-0.0600352,0.026168999999999998,0.248243,-0.1509911
-0.172637,0.112345,0.283867,-0.088281,-0.0599675,0.023973999999999995,0.245091,-0.148153
-0.173152,0.11258699999999999,0.283686,-0.08754899999999999,-0.0596411,0.023097999999999994,0.243934,-0.145843
-0.173295,0.11330099999999999,0.283965,-0.08658199999999999,-0.0597753,0.022523,0.242377,-0.14513399999999999
-0.174239,0.11322299999999999,0.283409,-0.084598,-0.0596864,0.02176099999999999,0.241755,-0.143648
-0.174599,0.113459,0.283487,-0.08077899999999999,-0.0594161,0.01999899999999999,0.24027,-0.142355
-0.174838,0.113182,0.282661,-0.07772100000000001,-0.0594025,0.019067,0.238141,-0.138017
-0.175658,0.113651,0.282811,-0.072939,-0.0590122,0.018512999999999988,0.236785,-0.138227
-0.176252,0.113928,0.282522,-0.065608,-0.0586343,0.018156999999999993,0.235928,-0.13461800000000002
-0.177208,0.11415799999999998,0.281603,-0.06181400000000001,-0.0581646,0.018269999999999995,0.23615,-0.13524
-0.177994,0.114315,0.281605,-0.057756,-0.05783,0.018145999999999995,0.235383,-0.134376
-0.178439,0.114226,0.280767,-0.05277000000000001,-0.057387,0.018651,0.236175,-0.13119599999999998
-0.179297,0.11438599999999999,0.280237,-0.04807700000000001,-0.0568738,0.01859899999999999,0.237331,-0.129252
-0.179603,0.114336,0.279983,-0.044439000000000006,-0.0565011,0.018693,0.238073,-0.127804
-0.179948,0.114031,0.278444,-0.043234999999999996,-0.055815,0.019340999999999997,0.239276,-0.126008
-0.18034,0.114044,0.277867,-0.042238,-0.0555829,0.019349999999999992,0.240032,-0.12385099999999999
-0.180978,0.114817,0.277855,-0.041322,-0.055258,0.019922999999999996,0.240658,-0.124134
-0.181561,0.11529999999999999,0.277569,-0.04147500000000001,-0.0543665,0.020252999999999993,0.242485,-0.122663
-0.182161,0.11607,0.277528,-0.04216700000000001,-0.0539122,0.020283999999999996,0.243128,-0.12204400000000001
-0.182789,0.11677399999999999,0.277402,-0.04264699999999999,-0.053406,0.020481,0.243783,-0.124001
-0.183117,0.117195,0.276119,-0.04489499999999999,-0.0527489,0.020992999999999998,0.244783,-0.12254599999999999
-0.183759,0.118084,0.275288,-0.047154,-0.051976,0.020949999999999996,0.24608,-0.120612
-0.18456,0.118668,0.275199,-0.04897599999999999,-0.0511444,0.020716,0.246713,-0.120917
-0.185042,0.11940200000000001,0.274458,-0.05162,-0.0507374,0.021016999999999994,0.246144,-0.121232
-0.185445,0.11981800000000001,0.273937,-0.053570000000000007,-0.0503578,0.021097999999999992,0.246969,-0.121668
-0.185934,0.12040000000000001,0.273216,-0.05513299999999999,-0.0497742,0.021407999999999996,0.247362,-0.121697
-0.186492,0.121255,0.273057,-0.057240999999999986,-0.0497207,0.021752999999999995,0.248136,-0.12196599999999999
-0.186839,0.12165199999999998,0.272553,-0.05795900000000001,-0.0495236,0.02203899999999999,0.248137,-0.121812
-0.187351,0.12177099999999999,0.272159,-0.058725,-0.0489558,0.02196899999999999,0.248784,-0.121422
-0.187878,0.12234300000000001,0.272078,-0.05948700000000001,-0.0486952,0.022083999999999993,0.249019,-0.12092900000000001
-0.188126,0.12277199999999999,0.271813,-0.05934500000000001,-0.0485358,0.02216299999999999,0.249305,-0.12084700000000001
-0.188632,0.123586,0.272073,-0.05921299999999999,-0.048318,0.022474999999999995,0.249324,-0.120365
-0.189049,0.124006,0.272005,-0.059119000000000005,-0.0482635,0.022647,0.249291,-0.12045700000000001
