-0.178374,0.141558,0.311129,-0.05424399999999999,-0.0714922,0.055925,0.295245,-0.08954500000000001
-0.178331,0.14174799999999999,0.311232,-0.055034,-0.0715293,0.055923,0.294637,-0.09009
-0.178297,0.141937,0.311199,-0.05476600000000001,-0.0716182,0.05596799999999999,0.294436,-0.09049199999999999
-0.178251,0.142173,0.311453,-0.05418700000000001,-0.0716994,0.055462999999999985,0.293514,-0.08990699999999999
-0.178055,0.142371,0.311926,-0.053817000000000004,-0.071908,0.05538299999999999,0.2927,-0.08998600000000001
-0.177916,0.14254,0.312197,-0.054076999999999986,-0.0720179,0.055262000000000006,0.29221,-0.090361
-0.177515,0.142732,0.312483,-0.054476,-0.0719029,0.054619,0.29028,-0.08924000000000001
-0.177248,0.143336,0.313021,-0.05458299999999999,-0.0723653,0.05493299999999998,0.289718,-0.08910299999999999
-0.17703,0.144101,0.314227,-0.05399200000000001,-0.0724757,0.054845000000000005,0.288915,-0.08976899999999999
-0.176628,0.144933,0.315869,-0.05358099999999999,-0.0727539,0.055089,0.288112,-0.090064
-0.176264,0.145342,0.316331,-0.053919999999999996,-0.073048,0.055047999999999986,0.287319,-0.09079599999999999
-0.176083,0.145861,0.317999,-0.054316,-0.0732873,0.055151000000000006,0.28715,-0.090946
-0.175538,0.146532,0.319187,-0.052474999999999994,-0.0733562,0.055612999999999996,0.286318,-0.090803
-0.175164,0.147689,0.321584,-0.05113899999999999,-0.07321,0.05604399999999998,0.286488,-0.091861
-0.174595,0.148299,0.322831,-0.05179500000000001,-0.073241,0.056249999999999994,0.285568,-0.09262200000000001
-0.173016,0.14923899999999998,0.327483,-0.04794000000000001,-0.0734814,0.056592,0.284511,-0.09248600000000001
-0.172291,0.15075199999999997,0.331195,-0.049035999999999996,-0.0739764,0.05707899999999999,0.284618,-0.09323699999999999
-0.172151,0.152253,0.334529,-0.04846700000000001,-0.073966,0.057701,0.284748,-0.09326300000000001
-0.17173,0.15247799999999997,0.336535,-0.044843999999999995,-0.0745511,0.05849499999999999,0.285352,-0.09410099999999999
-0.170231,0.153091,0.337304,-0.04331399999999999,-0.0755221,0.05998100000000001,0.285302,-0.09476599999999999
-0.168707,0.15306099999999997,0.338828,-0.04373099999999999,-0.076012,0.060763999999999985,0.285632,-0.09434600000000001
-0.166912,0.15230599999999997,0.339763,-0.04189999999999999,-0.0761814,0.061226,0.285558,-0.095505
-0.164894,0.152375,0.342007,-0.04000000000000001,-0.0764242,0.062109,0.285888,-0.096082
-0.163593,0.152649,0.344516,-0.03716,-0.0773313,0.06314699999999998,0.286379,-0.09617200000000001
-0.16247,0.15367299999999998,0.346163,-0.03762499999999999,-0.0779285,0.065226,0.287777,-0.09562200000000001
-0.161388,0.15503399999999998,0.349933,-0.033837000000000006,-0.078169,0.067667,0.291296,-0.09556500000000001
-0.160178,0.15745800000000001,0.355281,-0.02978900000000001,-0.0785488,0.068936,0.291888,-0.09595600000000001
-0.158212,0.15688499999999997,0.356157,-0.027247999999999994,-0.0796921,0.07165099999999999,0.294453,-0.09820799999999999
-0.155425,0.156707,0.358207,-0.023811,-0.080268,0.074373,0.297175,-0.098552
-0.153879,0.156919,0.36095,-0.021809999999999996,-0.0813095,0.07682899999999998,0.300529,-0.099966
-0.152228,0.156224,0.361652,-0.020039,-0.0809903,0.07958499999999999,0.306172,-0.099552
-0.15008,0.156485,0.361839,-0.016450999999999993,-0.0819774,0.08382399999999998,0.310937,-0.101583
-0.148539,0.15597599999999998,0.362608,-0.013121999999999995,-0.0819604,0.08726599999999998,0.317853,-0.102832
-0.146139,0.15703799999999998,0.364317,-0.011511999999999994,-0.0840608,0.098666,0.335219,-0.105274
-0.145111,0.157542,0.3643,-0.008767999999999998,-0.0839923,0.10383999999999999,0.342271,-0.10682
-0.144329,0.156959,0.36539,-0.0065870000000000095,-0.0849813,0.109932,0.352037,-0.11443600000000001
-0.142709,0.15545899999999999,0.363557,-0.005743999999999999,-0.0889265,0.12306899999999998,0.376409,-0.116225
-0.13885,0.15626199999999998,0.360074,-0.0028479999999999894,-0.0949631,0.147067,0.410971,-0.12223899999999999
-0.137199,0.15466,0.358322,-0.003464999999999996,-0.0973116,0.15787500000000002,0.431821,-0.131675
-0.136871,0.15619799999999998,0.358984,-0.0012880000000000114,-0.111317,0.20275600000000002,0.504454,-0.131882
-0.137762,0.15732699999999997,0.358566,-0.00032699999999999396,-0.114484,0.22382499999999997,0.538786,-0.14175100000000002
-0.138225,0.15748700000000002,0.358447,-0.002722000000000002,-0.120364,0.247648,0.57534,-0.1642668
-0.138403,0.15802199999999997,0.358635,-0.002482000000000012,-0.125119,0.272637,0.619585,-0.17447659999999998
-0.139333,0.157247,0.35752,0.001334999999999975,-0.126091,0.29744800000000005,0.662361,-0.18550519999999998
-0.14081,0.15975599999999998,0.354035,-0.0011440000000000061,-0.131124,0.34318000000000004,0.734232,-0.2015458
-0.142689,0.160301,0.354819,-0.003273999999999999,-0.133936,0.378609,0.79384,-0.1912248
-0.144782,0.15832699999999997,0.351504,-0.00024299999999999322,-0.137162,0.41646700000000003,0.85889,-0.1912323
-0.144546,0.15955,0.353595,-0.0004049999999999887,-0.141029,0.455568,0.920865,-0.1957828
-0.146034,0.159261,0.351337,-0.0064690000000000025,-0.145343,0.49689099999999997,0.989472,-0.18676779999999998
-0.149749,0.158975,0.350663,-0.002933999999999992,-0.144075,0.529815,1.0452,-0.1728631
-0.151413,0.15738100000000002,0.347107,-0.007740999999999998,-0.145358,0.569458,1.10868,-0.17668820000000002
-0.151901,0.155886,0.33828,-0.004923000000000011,-0.14218,0.6131220000000001,1.1703,-0.1573121
-0.151029,0.155535,0.336735,-0.004286000000000012,-0.14265,0.653965,1.22885,-0.149805
-0.154998,0.15461499999999997,0.335554,-0.0033080000000000054,-0.141181,0.689895,1.28272,-0.139581
-0.156646,0.15706299999999998,0.332333,-0.008673999999999987,-0.140933,0.732858,1.33686,-0.138903
-0.159767,0.156403,0.327566,-0.007606000000000002,-0.137187,0.7711100000000001,1.38433,-0.12170800000000001
-0.160255,0.153983,0.325237,-0.009012999999999993,-0.137184,0.805691,1.42632,-0.106992
-0.163532,0.152498,0.322798,-0.00959199999999999,-0.132691,0.842431,1.46602,-0.10362199999999999
-0.166443,0.147366,0.316103,-0.009122999999999992,-0.126241,0.874291,1.49978,-0.087703
-0.166483,0.147013,0.312709,-0.010703999999999991,-0.124619,0.9132300000000001,1.53091,-0.094029
-0.167832,0.145934,0.309262,-0.009597999999999995,-0.121289,0.94579,1.55225,-0.077064
-0.171688,0.149197,0.3082,-0.013169999999999987,-0.11631,0.9800099999999999,1.57032,-0.07800000000000001
-0.170679,0.148485,0.298403,-0.01514299999999999,-0.111745,1.01534,1.58191,-0.072886
-0.174776,0.15045899999999998,0.29844,-0.009698000000000012,-0.106495,1.04457,1.58793,-0.07372000000000001
-0.176134,0.15057299999999998,0.297654,-0.007405999999999996,-0.101179,1.07236,1.59051,-0.059479000000000004
-0.178121,0.151958,0.296364,-0.006212999999999996,-0.103723,1.09931,1.58918,-0.05176700000000001
-0.180661,0.15258799999999997,0.29388,-0.004580000000000001,-0.103344,1.12034,1.58176,-0.03176200000000001
-0.185853,0.15140499999999998,0.2922,-0.0027369999999999894,-0.100585,1.13536,1.56702,-0.034890000000000004
-0.187847,0.150693,0.291197,-0.0018509999999999915,-0.100736,1.1498899999999999,1.55113,-0.025802999999999993
-0.19097,0.149718,0.289978,0.006699999999999984,-0.101618,1.1641199999999998,1.53056,-0.03307499999999999
-0.196,0.15618400000000002,0.290461,0.008321999999999996,-0.105314,1.18112,1.50929,-0.040045
-0.196932,0.15778099999999998,0.291424,0.012809999999999988,-0.105197,1.1951999999999998,1.48799,-0.04691400000000001
-0.200072,0.157336,0.291377,0.01804,-0.105476,1.20106,1.46238,-0.05202699999999999
-0.202538,0.15654900000000002,0.292045,0.02420699999999998,-0.107063,1.20467,1.43601,-0.06214600000000001
-0.206231,0.15936199999999998,0.293065,0.027654000000000012,-0.109804,1.2089999999999999,1.41068,-0.06792300000000001
-0.209522,0.159822,0.295773,0.03532299999999999,-0.114881,1.21061,1.38823,-0.07336200000000001
-0.21475,0.16368200000000002,0.301768,0.04084700000000002,-0.119138,1.21128,1.36625,-0.08438799999999999
-0.217183,0.16620700000000002,0.300201,0.04976599999999998,-0.122657,1.2140499999999999,1.34665,-0.09360399999999999
-0.220523,0.16849299999999998,0.308097,0.060531,-0.123896,1.21342,1.33095,-0.10316700000000001
-0.224329,0.16778,0.309325,0.06603599999999998,-0.127839,1.21091,1.31802,-0.11549799999999999
-0.227481,0.16960299999999998,0.311873,0.07324799999999998,-0.13012,1.20807,1.30621,-0.120443
-0.231917,0.17316299999999998,0.317188,0.0797,-0.134622,1.2080099999999998,1.30185,-0.122415
-0.232353,0.168656,0.317613,0.08703699999999998,-0.135774,1.2033699999999998,1.29902,-0.12488099999999999
-0.233016,0.16829599999999997,0.321215,0.08988800000000002,-0.137581,1.2009299999999998,1.29849,-0.124361
-0.232331,0.16350699999999999,0.320867,0.089982,-0.139005,1.19922,1.30338,-0.11610999999999999
-0.237896,0.162064,0.328495,0.09371499999999999,-0.140227,1.19349,1.31161,-0.11019899999999999
-0.240229,0.157342,0.328991,0.09579399999999999,-0.138689,1.18848,1.31912,-0.094831
-0.242034,0.154892,0.333517,0.09211399999999997,-0.13702,1.18648,1.32781,-0.08788399999999999
-0.247183,0.155925,0.33401,0.089082,-0.139014,1.1841499999999998,1.33559,-0.078317
-0.250383,0.15415500000000001,0.339505,0.07841199999999998,-0.137566,1.18081,1.34244,-0.07230600000000001
-0.250413,0.153612,0.33958,0.06820199999999998,-0.134269,1.1810699999999998,1.34705,-0.06487599999999999
-0.250066,0.15109199999999998,0.341128,0.051895000000000024,-0.132458,1.17665,1.34874,-0.05158499999999999
-0.251284,0.14818699999999999,0.343781,0.034696000000000005,-0.13017,1.1707699999999999,1.34936,-0.047575000000000006
-0.255388,0.147291,0.346348,0.011375999999999997,-0.122703,1.1580499999999998,1.34285,-0.032526
-0.2552,0.143336,0.346694,-0.013790999999999998,-0.119411,1.14716,1.33835,-0.02068600000000001
-0.253341,0.138661,0.348317,-0.05026800000000001,-0.114002,1.13249,1.32868,-0.01149
-0.252488,0.14074499999999998,0.348713,-0.090524,-0.106759,1.1202299999999998,1.31588,0.0010109999999999841
-0.25131,0.138403,0.351418,-0.133078,-0.101695,1.10228,1.30287,0.015089999999999992
-0.248773,0.138059,0.354009,-0.17593,-0.098453,1.08777,1.2895,0.025365000000000026
-0.248559,0.139123,0.358202,-0.2312892,-0.0915117,1.0692599999999999,1.27117,0.027992000000000017
-0.249677,0.15103599999999998,0.384204,-0.273777,-0.0883825,1.04942,1.25204,0.036578
-0.250253,0.16171499999999997,0.401079,-0.32331699999999997,-0.0808919,1.0288899999999999,1.23102,0.042688000000000004
-0.247233,0.16892500000000002,0.420977,-0.364904,-0.0757828,1.00765,1.20763,0.03828599999999999
-0.246754,0.18180699999999997,0.449246,-0.40252699999999997,-0.0666054,0.9852599999999999,1.18317,0.039065000000000016
-0.242513,0.200867,0.49057,-0.431398,-0.0626541,0.9643499999999999,1.15865,0.04924200000000001
-0.240536,0.229762,0.544779,-0.453735,-0.0586827,0.94464,1.13435,0.03708600000000001
-0.238627,0.25649299999999997,0.605034,-0.461836,-0.0604497,0.9197400000000001,1.10895,0.04099199999999997
-0.235041,0.285991,0.671659,-0.460612,-0.0591705,0.892346,1.07886,0.037146999999999986
-0.233458,0.32223500000000005,0.741994,-0.455639,-0.0604804,0.867946,1.04998,0.03260200000000002
-0.227395,0.35212599999999994,0.802293,-0.449908,-0.0606491,0.8439880000000001,1.02247,0.02949400000000002
-0.220309,0.39266999999999996,0.879686,-0.445848,-0.0635066,0.82365,0.997038,0.023926000000000003
-0.220765,0.42925100000000005,0.956734,-0.430095,-0.0666805,0.7920200000000001,0.967351,0.017816
-0.215494,0.466012,1.02623,-0.40973000000000004,-0.0677693,0.7651830000000001,0.936153,0.007188000000000028
-0.206885,0.5100410000000001,1.09363,-0.396333,-0.072087,0.748159,0.908284,0.0027530000000000054
-0.206448,0.55567,1.16496,-0.36651,-0.0717691,0.725255,0.877203,-0.003722000000000003
-0.200247,0.599956,1.23017,-0.3448365,-0.0739109,0.702895,0.842238,-0.016056999999999988
-0.191696,0.6430480000000001,1.28839,-0.3152546,-0.0741731,0.683818,0.812677,-0.033521999999999996
-0.182945,0.6771940000000001,1.34257,-0.2912926,-0.0735261,0.651989,0.775195,-0.031614
-0.172984,0.717157,1.39408,-0.2582192,-0.0757587,0.631843,0.744512,-0.05452499999999999
-0.164159,0.7620600000000001,1.43989,-0.2370106,-0.0757248,0.614499,0.712793,-0.06026400000000001
-0.14889,0.7968390000000001,1.48028,-0.2095907,-0.0796739,0.592728,0.682258,-0.073984
-0.141358,0.83497,1.51823,-0.18221769999999998,-0.0814948,0.572238,0.652905,-0.08698700000000001
-0.127947,0.8719640000000001,1.54863,-0.148478,-0.0803097,0.551987,0.618055,-0.10189100000000001
-0.119344,0.9087500000000001,1.57505,-0.12329799999999999,-0.0810593,0.5371130000000001,0.593171,-0.10969599999999999
-0.107972,0.9442,1.5973,-0.093638,-0.083002,0.520647,0.564744,-0.1248
-0.0962128,0.9784499999999999,1.6151,-0.06792699999999999,-0.0860225,0.505988,0.540347,-0.12847799999999998
-0.0852263,1.01139,1.62883,-0.04432,-0.0842342,0.48589400000000005,0.510156,-0.143082
-0.0739649,1.04059,1.63605,-0.028415999999999997,-0.0874237,0.47282500000000005,0.491415,-0.1568292
-0.0627197,1.06928,1.63927,-0.008320999999999995,-0.09182,0.462043,0.474151,-0.1601948
-0.0527,1.09184,1.6373,0.0003469999999999862,-0.0953458,0.446411,0.457172,-0.17005
-0.0449688,1.1165299999999998,1.63228,0.006633999999999973,-0.0962579,0.43528200000000006,0.442672,-0.170116
-0.0393868,1.1347999999999998,1.62164,0.015201999999999993,-0.0964776,0.419312,0.423669,-0.1744132
-0.0316378,1.1529099999999999,1.60703,0.029530999999999974,-0.100332,0.410659,0.412763,-0.1742465
-0.0239667,1.16939,1.58888,0.025853999999999988,-0.102571,0.401601,0.401679,-0.1682151
-0.0171725,1.1850399999999999,1.56953,0.017179999999999973,-0.103678,0.393471,0.392048,-0.1690431
-0.0160299,1.19671,1.54939,0.018813999999999997,-0.106263,0.385107,0.381373,-0.1665118
-0.0147969,1.2022199999999998,1.52474,0.009406000000000025,-0.107853,0.37821099999999996,0.380206,-0.1618581
-0.0105329,1.20613,1.50201,0.0008750000000000147,-0.110626,0.36873199999999995,0.371119,-0.15806910000000002
-0.00886474,1.21068,1.47982,-0.016232999999999997,-0.110847,0.36438899999999996,0.372913,-0.15263169999999998
-0.00768673,1.21257,1.45979,-0.029223,-0.113368,0.360309,0.372057,-0.14496799999999999
-0.00556442,1.2101,1.44178,-0.03476199999999999,-0.113911,0.35343800000000003,0.371727,-0.135411
-0.00620665,1.20721,1.42607,-0.04722399999999999,-0.114647,0.34843499999999994,0.373469,-0.12806499999999998
-0.00420846,1.19779,1.40912,-0.0436,-0.116412,0.34248,0.373799,-0.12089
-0.00499413,1.18627,1.39655,-0.05099000000000001,-0.118247,0.333344,0.372103,-0.11613200000000001
-0.00687274,1.1810399999999999,1.387,-0.06329199999999999,-0.119394,0.332727,0.374767,-0.112145
-0.00390123,1.16828,1.37667,-0.053438999999999987,-0.121064,0.327388,0.374378,-0.107906
-0.00576425,1.1490799999999999,1.36829,-0.04238,-0.123733,0.31936600000000004,0.377255,-0.10919300000000001
-0.00642986,1.1322599999999998,1.35953,-0.02801899999999999,-0.124515,0.31191,0.377228,-0.10636699999999999
-0.00623251,1.11181,1.35144,-0.008461999999999997,-0.125943,0.30123199999999994,0.372175,-0.114891
-0.00760561,1.08767,1.34078,0.014571999999999974,-0.129483,0.29322400000000004,0.374688,-0.120094
-0.00615011,1.06842,1.33244,0.03392600000000001,-0.131668,0.285852,0.372572,-0.137288
-0.00595251,1.04486,1.31959,0.058736999999999984,-0.129974,0.27044100000000004,0.360336,-0.150026
-0.00296314,1.02165,1.30603,0.08304499999999998,-0.131196,0.26105599999999995,0.357823,-0.169508
-0.00237994,0.9995299999999999,1.28892,0.10136699999999998,-0.131872,0.252625,0.351397,-0.1977552
-0.000481679,0.97579,1.26763,0.11658099999999999,-0.131992,0.24458,0.344088,-0.2259066
0.0013903,0.9538000000000001,1.24627,0.12043599999999999,-0.130731,0.23323599999999997,0.328723,-0.2699979
0.00519317,0.9278099999999999,1.21999,0.133971,-0.128756,0.22192599999999998,0.313218,-0.3078292
0.00910777,0.9048999999999999,1.19438,0.13390400000000002,-0.129256,0.219975,0.311981,-0.352847
0.00878104,0.877692,1.16201,0.14588099999999998,-0.128853,0.21724000000000002,0.311775,-0.39020900000000003
0.0107931,0.854464,1.13182,0.14117400000000002,-0.127652,0.218676,0.317385,-0.429037
0.0125071,0.827145,1.0996,0.145999,-0.132277,0.23111,0.344245,-0.45533199999999996
0.00901096,0.800818,1.06735,0.14077,-0.134689,0.245461,0.380293,-0.47736100000000004
0.0118327,0.773267,1.03069,0.134173,-0.135354,0.25964600000000004,0.416893,-0.496127
0.00961516,0.750077,0.995478,0.10531400000000002,-0.138548,0.285701,0.474196,-0.5014890000000001
0.00627817,0.723894,0.96377,0.10526999999999997,-0.137583,0.30928900000000004,0.539518,-0.500351
-5.39994e-05,0.700148,0.931645,0.08687299999999998,-0.138236,0.33606099999999994,0.61036,-0.48761299999999996
-0.00362834,0.669687,0.888502,0.076548,-0.144412,0.380379,0.71383,-0.461576
-0.0176291,0.6465850000000001,0.857192,0.061767000000000016,-0.147522,0.41731700000000005,0.802584,-0.44449700000000003
-0.0293815,0.636768,0.831053,0.04182399999999997,-0.14704,0.465581,0.896441,-0.417837
-0.027728,0.616618,0.799135,0.02286100000000002,-0.152335,0.509445,0.991359,-0.390493
-0.0303627,0.5967600000000001,0.762648,0.0011579999999999924,-0.158485,0.552234,1.07729,-0.376753
-0.0291458,0.574256,0.728952,-0.020981,-0.160128,0.591126,1.16047,-0.3426744
-0.039943,0.557673,0.698252,-0.046676999999999996,-0.162084,0.633498,1.24041,-0.3265402
-0.0409826,0.530923,0.669753,-0.066103,-0.160867,0.660581,1.31155,-0.2986695
-0.0407871,0.512907,0.640335,-0.08382,-0.162863,0.700922,1.3789,-0.2630989
-0.0431345,0.49596400000000007,0.606342,-0.110784,-0.16137,0.740329,1.43694,-0.2607092
-0.0483212,0.48058900000000004,0.576601,-0.12568600000000002,-0.15889,0.777146,1.48947,-0.2264406
-0.0534232,0.46634700000000007,0.553989,-0.1568868,-0.151939,0.809314,1.53427,-0.1865396
-0.0607012,0.44962500000000005,0.522475,-0.1773652,-0.144409,0.8464700000000001,1.5752,-0.18220930000000002
-0.0675618,0.43857500000000005,0.50045,-0.1944252,-0.138925,0.881827,1.60969,-0.16178710000000002
-0.0747733,0.42904300000000006,0.479858,-0.2219684,-0.134231,0.91477,1.63642,-0.143597
-0.0783184,0.41715599999999997,0.454794,-0.2383968,-0.123289,0.94792,1.65737,-0.125312
-0.0824556,0.41167200000000004,0.444527,-0.250197932,-0.120345,0.9811200000000001,1.67354,-0.10606299999999999
-0.0852392,0.399197,0.42043,-0.2660411,-0.117709,1.0098799999999999,1.68102,-0.09812499999999999
-0.0910569,0.39342900000000003,0.411588,-0.27608509999999997,-0.110857,1.0349599999999999,1.68288,-0.08321700000000001
-0.0931419,0.38935200000000003,0.398979,-0.2849811,-0.107687,1.06877,1.68382,-0.086501
-0.0990769,0.38217199999999996,0.38852,-0.2935466,-0.102847,1.0910199999999999,1.67615,-0.06751199999999999
-0.104094,0.37860399999999994,0.382102,-0.2919756,-0.0968154,1.11292,1.6632,-0.059841000000000005
-0.109317,0.371108,0.367976,-0.2960069,-0.0930388,1.13221,1.64492,-0.05843999999999999
-0.111321,0.367325,0.363147,-0.2973291,-0.0914707,1.14949,1.62317,-0.056704000000000004
-0.112785,0.365513,0.357908,-0.29367719999999997,-0.0909585,1.16852,1.59879,-0.05890100000000001
-0.120175,0.367568,0.362445,-0.2874446,-0.0912099,1.1795799999999999,1.57123,-0.05351900000000001
-0.118619,0.35622,0.347587,-0.2844646,-0.0853252,1.1888699999999999,1.54206,-0.052678
-0.114648,0.34294899999999995,0.338752,-0.28198650000000003,-0.0850355,1.192,1.51001,-0.06548899999999999
-0.120876,0.34266699999999994,0.348546,-0.2617129,-0.079779,1.19162,1.47934,-0.06543299999999999
-0.124307,0.339757,0.348877,-0.25503705,-0.0755915,1.19241,1.45086,-0.06834000000000001
-0.127483,0.33771399999999996,0.352864,-0.24265365,-0.073157,1.19132,1.42377,-0.07570199999999999
-0.133009,0.33642700000000003,0.360491,-0.2290463,-0.0711438,1.18513,1.39935,-0.07501
-0.137534,0.33592,0.367329,-0.2149161,-0.0706687,1.18187,1.3815,-0.082649
-0.142517,0.33463600000000004,0.375162,-0.2018179,-0.0673746,1.17333,1.3657,-0.07988300000000001
-0.146361,0.329433,0.3766,-0.1888192,-0.0656503,1.16247,1.35154,-0.082428
-0.151602,0.32745199999999997,0.380085,-0.1799003,-0.0616048,1.15344,1.3419,-0.074545
-0.156842,0.325901,0.384742,-0.1708384,-0.0598364,1.1428999999999998,1.33451,-0.067359
-0.159404,0.317033,0.380836,-0.1636204,-0.0598286,1.1308799999999999,1.33123,-0.05623900000000001
-0.163469,0.313083,0.382862,-0.1625887,-0.0579314,1.1171499999999999,1.3254,-0.039331000000000005
-0.168339,0.307076,0.379562,-0.1611322,-0.0549718,1.1035599999999999,1.32039,-0.022044000000000008
-0.17354,0.30158799999999997,0.375019,-0.161635,-0.0530349,1.0878599999999998,1.31264,0.00023600000000001398
-0.179648,0.29979100000000003,0.37295,-0.1745614,-0.0501956,1.07267,1.30283,0.015066000000000024
-0.183765,0.29625,0.37052,-0.1898349,-0.0483546,1.05608,1.29171,0.028903000000000012
-0.189566,0.2942,0.365033,-0.2022238,-0.0448188,1.0419699999999998,1.2815,0.03916799999999998
-0.19297,0.29072,0.356468,-0.2329292,-0.0409406,1.02491,1.26598,0.052983
-0.193701,0.288285,0.350638,-0.25796642,-0.03581,1.00914,1.24756,0.060944
-0.198016,0.286219,0.34336,-0.2963729,-0.0312289,0.9881300000000001,1.22636,0.07044600000000001
-0.197715,0.28654599999999997,0.339615,-0.33639220000000003,-0.0288874,0.97094,1.20455,0.070687
-0.201051,0.286933,0.333406,-0.379093,-0.021749,0.9523100000000001,1.1813,0.06487900000000002
-0.199973,0.287693,0.336002,-0.422489,-0.0178688,0.92826,1.15192,0.07196999999999998
-0.202445,0.288361,0.339057,-0.45650199999999996,-0.0114463,0.90742,1.12752,0.07304899999999998
-0.202958,0.290095,0.354731,-0.48555000000000004,-0.00540634,0.8828090000000001,1.10151,0.07284099999999999
-0.201055,0.29698099999999994,0.376742,-0.50821,-0.000409198,0.861071,1.07387,0.063033
-0.20053,0.307705,0.407322,-0.5233,0.00667645,0.840091,1.04346,0.05440499999999998
-0.200494,0.325719,0.45499,-0.5328109999999999,0.00911029,0.816968,1.01288,0.046902
-0.192542,0.34073699999999996,0.508607,-0.5215449999999999,0.00712402,0.796887,0.984182,0.03348800000000002
-0.192105,0.36881299999999995,0.581036,-0.525834,0.00625839,0.773116,0.954725,0.022146
-0.190636,0.39913699999999996,0.652152,-0.5170589999999999,0.00414836,0.748969,0.919766,0.018649000000000027
-0.191881,0.42900000000000005,0.729026,-0.503742,0.00143783,0.726973,0.893404,0.0050060000000000104
-0.191122,0.46426500000000004,0.811761,-0.493602,-0.000475369,0.7047180000000001,0.861733,-0.003838000000000008
-0.189818,0.500235,0.895595,-0.47556699999999996,-0.00237679,0.6837030000000001,0.834278,-0.00587399999999999
-0.189852,0.541122,0.97729,-0.47884,-0.00664913,0.66781,0.807912,-0.020595000000000002
-0.19347,0.582504,1.06025,-0.461914,-0.00939994,0.647066,0.775917,-0.02876999999999999
-0.190525,0.6130030000000001,1.13397,-0.429054,-0.0110314,0.6172230000000001,0.735828,-0.04148399999999999
-0.186259,0.656106,1.21321,-0.412531,-0.0168619,0.6018450000000001,0.710371,-0.046714000000000006
-0.176641,0.690986,1.284,-0.379663,-0.0220962,0.582766,0.684169,-0.06043699999999999
-0.1683,0.732612,1.35137,-0.36403,-0.0254036,0.56567,0.653241,-0.07459299999999999
-0.16754,0.776351,1.41617,-0.3286646,-0.0279426,0.551093,0.62603,-0.079401
-0.167787,0.817275,1.47562,-0.2815179,-0.0287479,0.533671,0.598893,-0.08860299999999999
-0.156486,0.8520530000000001,1.52598,-0.234059,-0.0292458,0.512003,0.565034,-0.103096
-0.156067,0.891698,1.56922,-0.1955281,-0.0310085,0.49900900000000004,0.538961,-0.11161099999999999
-0.146842,0.9284500000000001,1.60784,-0.149754,-0.036305,0.48943100000000006,0.520053,-0.119837
-0.140746,0.9641400000000001,1.6391,-0.11472399999999999,-0.039734,0.478186,0.502544,-0.13378099999999998
-0.128591,0.9981000000000001,1.66178,-0.08344299999999999,-0.0425167,0.460912,0.469004,-0.14718799999999999
-0.123047,1.02921,1.67824,-0.05243500000000001,-0.0456445,0.45126200000000005,0.453754,-0.1525794
-0.114558,1.0630799999999998,1.68906,-0.03220300000000001,-0.0481522,0.446812,0.441352,-0.16507719999999998
-0.109616,1.0953,1.69304,-0.007896999999999987,-0.0522821,0.440291,0.424743,-0.1692266
-0.106739,1.1229099999999999,1.69242,0.0044620000000000215,-0.0605395,0.433511,0.411515,-0.1719773
-0.100892,1.1521899999999998,1.686,0.017048000000000008,-0.0603414,0.427241,0.395795,-0.1769098
-0.0985509,1.17783,1.67519,0.019247000000000014,-0.0621978,0.42291600000000007,0.39042,-0.1821896
-0.0947089,1.1974699999999998,1.65715,0.028488000000000013,-0.0631933,0.41715,0.380525,-0.183025
-0.0923251,1.21731,1.63677,0.030081999999999998,-0.0648584,0.41366400000000003,0.374587,-0.186197
-0.0896886,1.23403,1.61299,0.03687299999999999,-0.0646567,0.40995400000000004,0.365787,-0.1875789
-0.0889471,1.25121,1.58836,0.04320400000000002,-0.065941,0.40985400000000005,0.361538,-0.1911855
-0.0874186,1.2603499999999999,1.55827,0.03903899999999999,-0.0693199,0.409535,0.360277,-0.190206
-0.0855505,1.26508,1.52857,0.04500100000000001,-0.0723889,0.40705900000000006,0.35725,-0.1925759
-0.0856377,1.26935,1.50063,0.043823,-0.0741329,0.40498200000000006,0.356841,-0.18874950000000001
-0.0844218,1.2720699999999998,1.47585,0.031992999999999994,-0.0775872,0.403602,0.359165,-0.18059540000000002
-0.0850557,1.27369,1.4517,0.03603600000000001,-0.0802717,0.40469600000000006,0.363177,-0.1719558
-0.0865809,1.26727,1.42525,0.03363699999999997,-0.083926,0.402782,0.367907,-0.1697622
-0.0870147,1.26793,1.40673,0.030330000000000024,-0.0873559,0.40469200000000005,0.371031,-0.1605108
-0.0857373,1.25939,1.3862,0.03062300000000001,-0.0886997,0.40254600000000007,0.379351,-0.15205639999999998
-0.0858852,1.25351,1.37218,0.02917700000000001,-0.0915765,0.40191600000000005,0.38579,-0.146536
-0.0850497,1.24392,1.35692,0.024894000000000027,-0.0944137,0.401041,0.394334,-0.133525
-0.0842006,1.2339799999999999,1.34354,0.020818000000000003,-0.0969756,0.4018550000000001,0.4047,-0.123059
-0.084469,1.2242199999999999,1.33433,0.012963999999999976,-0.0998916,0.40196300000000007,0.415597,-0.113616
-0.0841847,1.2112999999999998,1.32462,0.014257999999999993,-0.103638,0.401547,0.425569,-0.10833300000000001
-0.0832302,1.19911,1.31836,0.018577999999999983,-0.107236,0.400309,0.433813,-0.10192399999999999
-0.0794331,1.1885,1.31077,0.02208500000000002,-0.108442,0.39941899999999997,0.437923,-0.10103699999999999
-0.0752994,1.17777,1.30414,0.036922999999999984,-0.109892,0.399907,0.446042,-0.09537499999999999
-0.0709233,1.1631099999999999,1.29797,0.045686000000000004,-0.114569,0.39838700000000005,0.45252,-0.096806
-0.0669631,1.1549999999999998,1.29248,0.05640499999999998,-0.116868,0.39871100000000004,0.455043,-0.101878
-0.0585797,1.14161,1.28358,0.06178699999999998,-0.118657,0.39471,0.454754,-0.105436
-0.0545071,1.13235,1.27826,0.07072,-0.11986,0.39072399999999996,0.452502,-0.11324999999999999
-0.049642,1.12045,1.27008,0.07639600000000002,-0.12099,0.386112,0.451354,-0.124524
-0.0439055,1.11134,1.264,0.07890599999999998,-0.120508,0.37829899999999994,0.441853,-0.138822
-0.0394802,1.10004,1.25463,0.081733,-0.120232,0.368193,0.426452,-0.16026269999999998
-0.0321563,1.0863999999999998,1.24056,0.08536899999999997,-0.121895,0.36384799999999995,0.421117,-0.182733
-0.0301678,1.0735899999999998,1.22583,0.082175,-0.122202,0.35846900000000004,0.410704,-0.205328
-0.0251021,1.05686,1.20494,0.077488,-0.123303,0.35208399999999995,0.397674,-0.24113875
-0.0213694,1.04225,1.18848,0.08202900000000002,-0.124017,0.346577,0.385814,-0.2752451
-0.0216254,1.0246799999999998,1.16929,0.08818700000000002,-0.126393,0.34123499999999996,0.374329,-0.31196440000000003
-0.0212588,1.00175,1.14271,0.08892800000000001,-0.128093,0.33523099999999995,0.360957,-0.35704400000000003
-0.0198578,0.98232,1.1209,0.08703899999999998,-0.12887,0.327789,0.345958,-0.401718
-0.0213893,0.96403,1.1004,0.083569,-0.129678,0.32384899999999994,0.33748,-0.441905
-0.0189061,0.9460799999999999,1.07563,0.07620500000000002,-0.129866,0.322314,0.332486,-0.475969
-0.01858,0.9269900000000001,1.05056,0.067853,-0.129273,0.319516,0.328386,-0.500921
-0.019883,0.9059,1.023,0.065938,-0.128001,0.31860299999999997,0.331602,-0.5301629999999999
-0.0189054,0.8896580000000001,1.00411,0.05387399999999998,-0.129101,0.321253,0.344537,-0.543823
-0.0196423,0.8726820000000001,0.978058,0.04517399999999999,-0.130284,0.33243,0.370549,-0.551723
-0.0227817,0.851902,0.950463,0.042773000000000005,-0.131475,0.341676,0.402418,-0.545126
-0.0274865,0.839317,0.934314,0.03168199999999999,-0.130632,0.34946,0.432431,-0.542962
-0.030897,0.817643,0.911085,0.027855999999999992,-0.135256,0.371471,0.50217,-0.5176339999999999
-0.0297337,0.7937420000000001,0.885024,0.02432899999999999,-0.139958,0.389258,0.56418,-0.487257
-0.0292003,0.7763260000000001,0.865293,0.020384000000000013,-0.144831,0.410902,0.626535,-0.475891
-0.0296179,0.759579,0.846989,0.01683499999999999,-0.150789,0.439446,0.704061,-0.456074
-0.027164,0.7435820000000001,0.823157,0.0032360000000000166,-0.156905,0.463727,0.767678,-0.435793
-0.0275414,0.727078,0.805393,0.0010979999999999879,-0.164019,0.489869,0.839718,-0.40831300000000004
-0.0272425,0.709654,0.785571,-0.005932999999999994,-0.165272,0.509294,0.901513,-0.393499
-0.0220733,0.685316,0.755541,-0.01582800000000001,-0.167038,0.529358,0.96246,-0.37373
-0.0252186,0.674007,0.744595,-0.019875000000000004,-0.168889,0.550652,1.01872,-0.356782
-0.0266358,0.654194,0.722929,-0.026516000000000012,-0.170004,0.567598,1.07,-0.3413681
-0.0255681,0.638072,0.703251,-0.027433000000000013,-0.166651,0.585484,1.11495,-0.3204197
-0.0273559,0.621869,0.687621,-0.040822,-0.165885,0.601109,1.15497,-0.2969466
-0.0240191,0.604948,0.66514,-0.051404000000000005,-0.165839,0.6193960000000001,1.19092,-0.2775844
-0.0248311,0.585246,0.635584,-0.04527500000000001,-0.164813,0.63619,1.21986,-0.25684393
-0.0268689,0.573644,0.622751,-0.057815000000000005,-0.163204,0.65103,1.23707,-0.24057823
-0.0302557,0.554807,0.593412,-0.06667600000000001,-0.158134,0.664853,1.25112,-0.2304512
-0.0298964,0.546442,0.58309,-0.068767,-0.157751,0.677712,1.25841,-0.2179087
-0.0315369,0.5335420000000001,0.56438,-0.07708799999999999,-0.155588,0.68671,1.2555,-0.21112619999999999
-0.0328836,0.517234,0.543814,-0.082874,-0.15301,0.692779,1.24599,-0.1977287
-0.0325212,0.498858,0.513262,-0.09021399999999999,-0.151615,0.699121,1.23198,-0.1875154
-0.0340472,0.48940700000000004,0.501,-0.09823299999999999,-0.148533,0.7017180000000001,1.20892,-0.1842519
-0.0325361,0.470618,0.470986,-0.107212,-0.146637,0.704138,1.18218,-0.1878454
-0.0331404,0.46484900000000007,0.465558,-0.110213,-0.146299,0.70251,1.15032,-0.176259
-0.0344078,0.455291,0.450781,-0.11079,-0.146273,0.699721,1.11204,-0.1806344
-0.0344873,0.443619,0.435252,-0.12142900000000001,-0.146662,0.690011,1.06886,-0.1728827
-0.0355195,0.433246,0.420419,-0.12833899999999998,-0.149494,0.682251,1.02534,-0.1747242
-0.0364896,0.422258,0.409925,-0.12808999999999998,-0.150463,0.670481,0.98119,-0.17175210000000002
-0.0396858,0.412863,0.396865,-0.13217,-0.150345,0.6623220000000001,0.941733,-0.1670092
-0.0414327,0.40093100000000004,0.386654,-0.133136,-0.152914,0.64451,0.891852,-0.1597728
-0.0441951,0.389714,0.370619,-0.138592,-0.153201,0.624675,0.838421,-0.16594979999999998
-0.0447978,0.381498,0.366227,-0.137789,-0.153519,0.607795,0.795092,-0.1660435
-0.0468852,0.37105699999999997,0.353711,-0.137718,-0.152884,0.595091,0.760428,-0.166611
-0.0484155,0.364969,0.349984,-0.138436,-0.155243,0.5771430000000001,0.719199,-0.1568354
-0.0492973,0.35718700000000003,0.346177,-0.134899,-0.156288,0.560959,0.686509,-0.1584292
-0.0503178,0.350074,0.339519,-0.136518,-0.157174,0.5450820000000001,0.655944,-0.15958719999999998
-0.0513402,0.343666,0.339236,-0.133792,-0.15379,0.520799,0.616918,-0.1584883
-0.053407,0.337495,0.335839,-0.13007000000000002,-0.153976,0.5063960000000001,0.592366,-0.16082570000000002
-0.0543953,0.32704199999999994,0.328822,-0.128223,-0.153294,0.48843000000000003,0.568792,-0.1632205
-0.0559057,0.32243299999999997,0.327144,-0.128491,-0.151767,0.47277,0.54414,-0.1641958
-0.0580298,0.318631,0.325933,-0.124775,-0.150404,0.45887600000000006,0.524079,-0.1734754
-0.0623959,0.315107,0.326236,-0.120313,-0.142799,0.436863,0.495229,-0.1766671
-0.0645724,0.310739,0.324351,-0.114875,-0.138771,0.420307,0.471227,-0.1813635
-0.0677077,0.30665299999999995,0.323391,-0.11050199999999999,-0.135879,0.40852200000000005,0.460366,-0.1860609
-0.0709269,0.302191,0.322976,-0.10968,-0.131481,0.39198199999999994,0.440924,-0.1846295
-0.0744086,0.298886,0.323133,-0.10542199999999999,-0.125354,0.37734900000000005,0.425884,-0.1815718
-0.0777446,0.297766,0.325418,-0.10201299999999999,-0.121579,0.36741999999999997,0.416716,-0.1835859
-0.0804464,0.29446300000000003,0.325905,-0.100694,-0.119301,0.36032600000000004,0.412578,-0.18107669999999998
-0.0838157,0.29243600000000003,0.32605,-0.097411,-0.113089,0.347051,0.397922,-0.1783196
-0.0870712,0.29084699999999997,0.327382,-0.09573000000000001,-0.108801,0.340832,0.39491,-0.1776369
-0.089939,0.289176,0.326481,-0.093107,-0.106154,0.333962,0.38906,-0.1740066
-0.091904,0.28768499999999997,0.327016,-0.09249099999999999,-0.102884,0.330164,0.387189,-0.1755077
-0.0953119,0.286057,0.326525,-0.09242900000000001,-0.0982989,0.32390299999999994,0.383334,-0.1742321
-0.0967435,0.28379600000000005,0.328449,-0.091758,-0.0952588,0.317665,0.37822,-0.1737055
-0.099715,0.282091,0.328424,-0.08935599999999999,-0.0909213,0.311677,0.373097,-0.1719681
-0.102411,0.28040200000000004,0.327266,-0.08863399999999999,-0.0879028,0.30659099999999995,0.369509,-0.1733433
-0.104989,0.27792399999999995,0.324849,-0.088316,-0.0836152,0.300617,0.364554,-0.1728313
-0.106946,0.275787,0.323003,-0.08613599999999999,-0.0810277,0.297729,0.3622,-0.171995
-0.109125,0.273092,0.321268,-0.085034,-0.0766762,0.28962999999999994,0.35523,-0.1685068
-0.111064,0.271123,0.319178,-0.084456,-0.0739833,0.286169,0.353892,-0.1662041
-0.113089,0.268914,0.317399,-0.088474,-0.0706777,0.27890000000000004,0.346405,-0.1661232
-0.115862,0.26690099999999994,0.316553,-0.08915999999999999,-0.0688507,0.275111,0.34526,-0.1663806
-0.118273,0.26463400000000004,0.314911,-0.08615900000000001,-0.0667721,0.270981,0.343442,-0.1651517
-0.11997,0.26173,0.313696,-0.081844,-0.0642553,0.26574600000000004,0.340831,-0.1632084
-0.122335,0.26114400000000004,0.313747,-0.08113600000000001,-0.0616024,0.26015999999999995,0.336602,-0.1601742
-0.123401,0.260463,0.312664,-0.07907600000000001,-0.0605533,0.25721000000000005,0.332338,-0.1621723
-0.127301,0.25769699999999995,0.314524,-0.079175,-0.055565,0.243239,0.31834,-0.1592828
-0.129901,0.25702400000000003,0.315207,-0.07656199999999999,-0.0536731,0.238331,0.316076,-0.15952739999999999
-0.132667,0.25579699999999994,0.31406,-0.069662,-0.0520284,0.234193,0.313853,-0.1571053
-0.134748,0.25482799999999994,0.314788,-0.06526000000000001,-0.051025,0.230625,0.311122,-0.1553647
-0.136633,0.25247200000000003,0.314481,-0.05865699999999999,-0.0484478,0.22472,0.306474,-0.1553121
-0.139193,0.24998099999999998,0.314057,-0.053228,-0.045386,0.216739,0.299591,-0.15379199999999998
-0.140167,0.24812599999999999,0.31364,-0.049182000000000003,-0.044201,0.212709,0.296555,-0.1538219
-0.143173,0.246802,0.314284,-0.043177999999999994,-0.0412822,0.20572,0.289819,-0.1541594
-0.145721,0.244934,0.313758,-0.03614999999999999,-0.040189,0.20239700000000002,0.290504,-0.1532793
-0.147502,0.24332600000000001,0.31431,-0.03290799999999999,-0.0389148,0.198827,0.288942,-0.1536281
-0.148964,0.243086,0.315907,-0.02571799999999999,-0.0378025,0.19633399999999998,0.286896,-0.1507641
-0.150871,0.24159699999999998,0.31583,-0.024007,-0.0354998,0.192536,0.286599,-0.1510588
-0.152497,0.240102,0.316879,-0.023617,-0.0342385,0.188076,0.284451,-0.14924700000000002
-0.153965,0.239882,0.316873,-0.021790000000000004,-0.0324861,0.185233,0.283122,-0.14909899999999998
-0.155007,0.238357,0.31669,-0.022678000000000004,-0.0321203,0.18299800000000002,0.283346,-0.14846900000000002
-0.155683,0.23785599999999998,0.316676,-0.02313000000000001,-0.0307433,0.180725,0.283087,-0.147318
-0.156505,0.23781299999999997,0.316932,-0.026090000000000002,-0.0297001,0.179362,0.283735,-0.146082
-0.157545,0.23753699999999997,0.316816,-0.03320999999999999,-0.0281709,0.17712599999999998,0.283392,-0.14587899999999998
-0.158388,0.237509,0.316702,-0.03942100000000001,-0.0265228,0.17476699999999998,0.283442,-0.145483
-0.159676,0.237779,0.31866,-0.04041700000000001,-0.0252698,0.173525,0.285227,-0.142515
-0.161366,0.23904699999999998,0.320535,-0.04730200000000001,-0.0242489,0.17123799999999997,0.286879,-0.142261
-0.16183,0.238959,0.321859,-0.050983,-0.0229327,0.16838899999999998,0.286319,-0.13854
-0.162208,0.23869700000000002,0.322014,-0.053895,-0.0222429,0.16684999999999997,0.28651,-0.137354
-0.162552,0.238289,0.322749,-0.05485599999999999,-0.021678,0.16509700000000002,0.286539,-0.135962
-0.1627,0.23726499999999998,0.322897,-0.05584800000000001,-0.0213777,0.16333699999999998,0.2865,-0.135348
-0.163218,0.237007,0.323239,-0.05707100000000001,-0.0209367,0.162226,0.286555,-0.134951
-0.16357,0.236569,0.323898,-0.05716399999999999,-0.0205441,0.16101799999999997,0.28636,-0.133166
-0.164056,0.235702,0.323714,-0.057557,-0.0201127,0.15973299999999999,0.286358,-0.132775
-0.164457,0.23465,0.323706,-0.05577399999999999,-0.0199687,0.158114,0.285984,-0.132287
-0.164724,0.233957,0.323249,-0.054889999999999994,-0.0195367,0.15737500000000001,0.286208,-0.13124
-0.165209,0.23266299999999998,0.32296,-0.052615999999999996,-0.019275,0.15603599999999998,0.286322,-0.13008999999999998
-0.165813,0.232233,0.322527,-0.05135500000000001,-0.0190216,0.15525799999999998,0.285934,-0.129177
-0.166375,0.231291,0.321185,-0.04958000000000001,-0.0186437,0.15366899999999997,0.285475,-0.128759
-0.167326,0.23032699999999998,0.321525,-0.04736799999999999,-0.0185489,0.152386,0.286009,-0.12756
-0.167476,0.229658,0.320499,-0.047258999999999995,-0.0183261,0.150662,0.284752,-0.127139
-0.16758,0.22926499999999997,0.32096,-0.042934,-0.0179135,0.14884999999999998,0.283729,-0.125678
-0.168119,0.228382,0.320227,-0.039700999999999986,-0.018045,0.147925,0.283502,-0.12495700000000001
-0.168735,0.22846199999999997,0.320793,-0.03954099999999999,-0.0181957,0.147258,0.283713,-0.12509399999999998
-0.169349,0.22784400000000002,0.320219,-0.03597700000000001,-0.0177188,0.146417,0.284014,-0.12373
-0.169771,0.22764399999999999,0.320478,-0.034114000000000005,-0.0174357,0.145086,0.282912,-0.12298400000000001
-0.170688,0.227554,0.32112,-0.03315399999999999,-0.0172269,0.143538,0.282545,-0.121667
-0.171312,0.227434,0.321764,-0.03189700000000001,-0.0173393,0.142865,0.28244,-0.12176600000000001
-0.171616,0.227334,0.322091,-0.03048300000000001,-0.0174221,0.142381,0.282454,-0.122163
-0.17191,0.22744899999999998,0.322535,-0.029592000000000007,-0.0172207,0.142058,0.282297,-0.121784
-0.17224,0.22744699999999998,0.322391,-0.030457000000000012,-0.0171216,0.141725,0.281977,-0.12142700000000001
-0.172723,0.22759700000000002,0.32306,-0.031328999999999996,-0.0171119,0.141119,0.281769,-0.12257199999999999
-0.172964,0.22763399999999998,0.323397,-0.03293299999999999,-0.0171599,0.140644,0.281317,-0.122144
-0.173121,0.228025,0.323554,-0.034161,-0.0170295,0.14024699999999998,0.281107,-0.12245600000000001
-0.173329,0.228117,0.323501,-0.036939,-0.0170927,0.140229,0.280887,-0.12259600000000001
-0.173464,0.22823999999999997,0.322989,-0.03903100000000001,-0.0169088,0.139725,0.279939,-0.123856
-0.173659,0.22844,0.323043,-0.03997300000000001,-0.0168402,0.139232,0.27919,-0.124364
-0.1736,0.22821099999999997,0.321789,-0.04125899999999999,-0.0169087,0.139267,0.278901,-0.12460199999999999
-0.173575,0.228069,0.321185,-0.041855,-0.0169398,0.139346,0.279056,-0.125472
-0.173643,0.22772299999999998,0.320022,-0.04345099999999999,-0.0169623,0.139208,0.278632,-0.125788
-0.173975,0.22746999999999998,0.319098,-0.043733999999999995,-0.0169311,0.138828,0.278331,-0.126079
-0.174565,0.227818,0.319164,-0.044371999999999995,-0.0169152,0.138799,0.278079,-0.126562
-0.174955,0.227812,0.318187,-0.04552999999999999,-0.0168018,0.138799,0.27834,-0.127387
-0.175225,0.227859,0.318573,-0.044177999999999995,-0.0167957,0.13853,0.278041,-0.127386
-0.175529,0.22772099999999998,0.31781,-0.045321,-0.0167091,0.137909,0.278185,-0.128073
-0.175677,0.22764199999999998,0.317317,-0.04572200000000001,-0.0166099,0.13761099999999998,0.278119,-0.127884
-0.175892,0.22759,0.316332,-0.046257999999999994,-0.0165568,0.137521,0.277728,-0.128473
-0.176084,0.227405,0.315538,-0.04674700000000001,-0.0164989,0.137153,0.277499,-0.128409
-0.176367,0.227451,0.315846,-0.046989,-0.016421,0.136495,0.277377,-0.128822
-0.176742,0.227803,0.316452,-0.04711000000000001,-0.016385,0.136099,0.276519,-0.129654
-0.176899,0.228154,0.316178,-0.047958,-0.0163592,0.136019,0.276203,-0.130443
-0.177,0.22801599999999997,0.316008,-0.04727899999999999,-0.0164088,0.13591,0.275925,-0.130657
-0.177153,0.228318,0.315703,-0.04790900000000001,-0.016354,0.135785,0.275634,-0.131363
-0.177025,0.22847900000000002,0.31556,-0.049906000000000006,-0.0165047,0.136041,0.275792,-0.132241
-0.177118,0.228494,0.315366,-0.048681,-0.0164246,0.13601,0.275274,-0.131411
-0.177134,0.228583,0.315209,-0.048626,-0.0165248,0.13558599999999998,0.274898,-0.130829
-0.177072,0.228766,0.314699,-0.048931,-0.0166641,0.135626,0.274354,-0.13118000000000002
-0.177206,0.229183,0.315331,-0.04999300000000001,-0.016969,0.135631,0.273756,-0.132423
-0.177314,0.22926499999999997,0.315969,-0.04961499999999999,-0.0170659,0.135427,0.273342,-0.132738
-0.177187,0.229129,0.315869,-0.04946300000000001,-0.0173805,0.135424,0.273272,-0.133097
-0.177337,0.22958900000000002,0.31619,-0.049765000000000004,-0.0175337,0.135422,0.272666,-0.132444
-0.177438,0.229917,0.316953,-0.049756999999999996,-0.0176625,0.135269,0.272466,-0.13273200000000002
-0.17734,0.229936,0.317344,-0.04928199999999999,-0.0178393,0.135012,0.271775,-0.133287
-0.177314,0.22999499999999998,0.317951,-0.049982,-0.018069,0.135054,0.271592,-0.133768
-0.17737,0.230158,0.317574,-0.04962,-0.0179711,0.13495,0.27131,-0.134293
-0.177045,0.23012000000000002,0.317476,-0.04977599999999999,-0.0181752,0.13516,0.270955,-0.134948
-0.176835,0.23000099999999998,0.3176,-0.049543000000000004,-0.0183275,0.135191,0.271338,-0.134838
-0.176854,0.230328,0.318221,-0.04966000000000001,-0.0183773,0.135207,0.27109,-0.134841
-0.176777,0.23047700000000002,0.318789,-0.049344,-0.0185075,0.135268,0.271103,-0.13486599999999999
-0.177005,0.23052599999999998,0.319519,-0.04921300000000001,-0.0186452,0.13477799999999998,0.271121,-0.135182
