-0.000000000000000000e+00,0.000000000000000000e+00,-0.000000000000000000e+00,0.000000000000000000e+00
1.529199535418024336e-04,2.550009378694913752e-03,-5.764411027569249502e-04,7.004476495167666350e-04
3.109130984760011263e-04,5.087257165619234883e-03,-1.152882205513794389e-03,1.400895299033533270e-03
4.739571808145548459e-04,7.611745769363162210e-03,-1.729323308270691584e-03,2.101342948550299905e-03
6.420299465694778718e-04,1.012347759851689281e-02,-2.305764411027588778e-03,2.801790598067066540e-03
8.151091417528122385e-04,1.262245506167062464e-02,-2.882205513784485973e-03,3.502238247583833175e-03
9.931725123765444696e-04,1.510868056741455391e-02,-3.458646616541383167e-03,4.202685897100599810e-03
1.176197804452661089e-03,1.758215652433887943e-02,-4.035087719298252606e-03,4.903133546617366445e-03
1.364162763993176375e-03,2.004288534103380176e-02,-4.611528822055149801e-03,5.603581196134133080e-03
1.557045137010104607e-03,2.249086942608951797e-02,-5.187969924812046996e-03,6.304028845650899715e-03
1.754822669515432310e-03,2.492611118809621648e-02,-5.764411027568944190e-03,7.004476495167666350e-03
1.957473107521173761e-03,2.734861303564409957e-02,-6.340852130325841385e-03,7.704924144684432985e-03
2.164974197039287729e-03,2.975837737732337993e-02,-6.917293233082738579e-03,8.405371794201199620e-03
2.377303684081927271e-03,3.215540662172424596e-02,-7.493734335839608018e-03,9.105819443717966255e-03
2.594439314660940132e-03,3.453970317743687568e-02,-8.070175438596505213e-03,9.806267093234732890e-03
2.816358834788340593e-03,3.691126945305148177e-02,-8.646616541353402408e-03,1.050671474275149953e-02
3.043039990476253953e-03,3.927010785715828040e-02,-9.223057644110299602e-03,1.120716239226826616e-02
3.274460527736583471e-03,4.161622079834745302e-02,-9.799498746867196797e-03,1.190761004178503280e-02
3.510598192581398935e-03,4.394961068520916725e-02,-1.037593984962406624e-02,1.260805769130179943e-02
3.751430731022548093e-03,4.627027992633368086e-02,-1.095238095238096343e-02,1.330850534081856607e-02
3.996935889072211756e-03,4.857823093031114758e-02,-1.152882205513786062e-02,1.400895299033533270e-02
4.247091412742404204e-03,5.087346610573179051e-02,-1.210526315789475782e-02,1.470940063985209934e-02
4.501875048044973182e-03,5.315598786118577723e-02,-1.268170426065165501e-02,1.540984828936886597e-02
4.761264540992043992e-03,5.542579860526332391e-02,-1.325814536340855221e-02,1.611029593888563261e-02
5.025237637595575402e-03,5.768290074655464672e-02,-1.383458646616542165e-02,1.681074358840239924e-02
5.293772083867637201e-03,5.992729669364990630e-02,-1.441102756892231884e-02,1.751119123791916588e-02
5.566845625820160404e-03,6.215898885513933270e-02,-1.498746867167921604e-02,1.821163888743593251e-02
5.844436009465103776e-03,6.437797963961310044e-02,-1.556390977443611323e-02,1.891208653695269915e-02
6.126520980814648132e-03,6.658427145566141181e-02,-1.614035087719301043e-02,1.961253418646946578e-02
6.413078285880585705e-03,6.877786671187449685e-02,-1.671679197994987986e-02,2.031298183598623242e-02
6.704085670675097308e-03,7.095876781684248846e-02,-1.729323308270677706e-02,2.101342948550299905e-02
6.999520881210058443e-03,7.312697717915564444e-02,-1.786967418546367425e-02,2.171387713501976569e-02
7.299361663497566655e-03,7.528249720740412543e-02,-1.844611528822057145e-02,2.241432478453653232e-02
7.603585763549580712e-03,7.742533031017816147e-02,-1.902255639097746864e-02,2.311477243405329896e-02
7.912170927378170404e-03,7.955547889606791323e-02,-1.959899749373436584e-02,2.381522008357006559e-02
8.225094900995183478e-03,8.167294537366359686e-02,-2.017543859649123528e-02,2.451566773308683223e-02
8.542335430412772990e-03,8.377773215155541464e-02,-2.075187969924813247e-02,2.521611538260359886e-02
8.863870261642897708e-03,8.586984163833358275e-02,-2.132832080200502967e-02,2.591656303212036550e-02
9.189677140697544155e-03,8.794927624258824794e-02,-2.190476190476192686e-02,2.661701068163713213e-02
9.519733813588754368e-03,9.001603837290965415e-02,-2.248120300751882406e-02,2.731745833115389877e-02
9.854018026328487112e-03,9.207013043788796203e-02,-2.305764411027572125e-02,2.801790598067066540e-02
1.019250752492881218e-02,9.411155484611340161e-02,-2.363408521303259069e-02,2.871835363018743204e-02
1.053518005540168834e-02,9.614031400617616130e-02,-2.421052631578948788e-02,2.941880127970419867e-02
1.088201336375907435e-02,9.815641032666640176e-02,-2.478696741854638508e-02,3.011924892922096531e-02
1.123298519601306777e-02,1.001598462161743808e-01,-2.536340852130328227e-02,3.081969657873773194e-02
1.158807329817562737e-02,1.021506240832902729e-01,-2.593984962406017947e-02,3.152014422825449858e-02
1.194725541625876741e-02,1.041287463366042526e-01,-2.651629072681704891e-02,3.222059187777126521e-02
1.231050929627444668e-02,1.060942153847065500e-01,-2.709273182957394610e-02,3.292103952728803185e-02
1.267781268423476271e-02,1.080470336361873535e-01,-2.766917293233084330e-02,3.362148717680477072e-02
1.304914332615167427e-02,1.099872034996368653e-01,-2.824561403508774049e-02,3.432193482632153736e-02
1.342447896803714014e-02,1.119147273836452461e-01,-2.882205513784463768e-02,3.502238247583830399e-02
1.380379735590320234e-02,1.138296076968027121e-01,-2.939849624060153488e-02,3.572283012535507063e-02
1.418707623576187515e-02,1.157318468476994933e-01,-2.997493734335840432e-02,3.642327777487183726e-02
1.457429335362514511e-02,1.176214472449257781e-01,-3.055137844611530151e-02,3.712372542438860390e-02
1.496542645550505424e-02,1.194984112970717272e-01,-3.112781954887219871e-02,3.782417307390537053e-02
1.536045328741356131e-02,1.213627414127275705e-01,-3.170426065162909590e-02,3.852462072342213717e-02
1.575935159536265284e-02,1.232144400004834967e-01,-3.228070175438599310e-02,3.922506837293890380e-02
1.616209912536445414e-02,1.250535094689297355e-01,-3.285714285714286254e-02,3.992551602245567044e-02
1.656867362343084071e-02,1.268799522266564062e-01,-3.343358395989975973e-02,4.062596367197243707e-02
1.697905283557385459e-02,1.286937706822537664e-01,-3.401002506265665692e-02,4.132641132148920371e-02
1.739321450780548228e-02,1.304949672443120323e-01,-3.458646616541355412e-02,4.202685897100597034e-02
1.781113638613782135e-02,1.322835443214213647e-01,-3.516290726817045131e-02,4.272730662052273698e-02
1.823279621658277505e-02,1.340595043221719240e-01,-3.573934837092734851e-02,4.342775427003950361e-02
1.865817174515235766e-02,1.358228496551539266e-01,-3.631578947368421795e-02,4.412820191955627025e-02
1.908724071785858345e-02,1.375735827289576718e-01,-3.689223057644111514e-02,4.482864956907303688e-02
1.951998088071352222e-02,1.393117059521732926e-01,-3.746867167919801234e-02,4.552909721858980352e-02
1.995636997972916049e-02,1.410372217333908940e-01,-3.804511278195490953e-02,4.622954486810657015e-02
2.039638576091740152e-02,1.427501324812007477e-01,-3.862155388471180673e-02,4.692999251762333679e-02
2.084000597029031510e-02,1.444504406041931532e-01,-3.919799498746867616e-02,4.763044016714010342e-02
2.128720835385997101e-02,1.461381485109581602e-01,-3.977443609022557336e-02,4.833088781665687006e-02
2.173797065763830028e-02,1.478132586100859847e-01,-4.035087719298247055e-02,4.903133546617363669e-02
2.219227062763723390e-02,1.494757733101668984e-01,-4.092731829573936775e-02,4.973178311569040333e-02
2.265008600986892495e-02,1.511256950197910620e-01,-4.150375939849626494e-02,5.043223076520716996e-02
2.311139455034533219e-02,1.527630261475487194e-01,-4.208020050125316214e-02,5.113267841472393660e-02
2.357617399507841438e-02,1.543877691020299203e-01,-4.265664160401003158e-02,5.183312606424070323e-02
2.404440209008021356e-02,1.559999262918249641e-01,-4.323308270676692877e-02,5.253357371375746987e-02
2.451605658136271626e-02,1.575995001255240946e-01,-4.380952380952382597e-02,5.323402136327423650e-02
2.499111521493796451e-02,1.591864930117174726e-01,-4.438596491228072316e-02,5.393446901279100314e-02
2.546955573681794482e-02,1.607609073589952309e-01,-4.496240601503762035e-02,5.463491666230776977e-02
2.595135589301456047e-02,1.623227455759476412e-01,-4.553884711779451755e-02,5.533536431182453641e-02
2.643649342953999226e-02,1.638720100711648919e-01,-4.611528822055138699e-02,5.603581196134130304e-02
2.692494609240611569e-02,1.654087032532371992e-01,-4.669172932330828418e-02,5.673625961085806968e-02
2.741669162762502832e-02,1.669328275307546405e-01,-4.726817042606518138e-02,5.743670726037483631e-02
2.791170778120863338e-02,1.684443853123075707e-01,-4.784461152882207857e-02,5.813715490989160295e-02
2.840997229916897293e-02,1.699433790064861227e-01,-4.842105263157897577e-02,5.883760255940836958e-02
2.891146292751811675e-02,1.714298110218804849e-01,-4.899749373433584521e-02,5.953805020892513622e-02
2.941615741226802361e-02,1.729036837670808457e-01,-4.957393483709274240e-02,6.023849785844190285e-02
2.992403349943065227e-02,1.743649996506773936e-01,-5.015037593984963959e-02,6.093894550795866949e-02
3.043506893501807253e-02,1.758137610812604001e-01,-5.072681704260653679e-02,6.163939315747543612e-02
3.094924146504227092e-02,1.772499704674200538e-01,-5.130325814536343398e-02,6.233984080699220276e-02
3.146652883551523394e-02,1.786736302177464042e-01,-5.187969924812033118e-02,6.304028845650896939e-02
3.198690879244900365e-02,1.800847427408297785e-01,-5.245614035087720062e-02,6.374073610602573603e-02
3.251035908185551104e-02,1.814833104452604207e-01,-5.303258145363409781e-02,6.444118375554250266e-02
3.303685744974679817e-02,1.828693357396284636e-01,-5.360902255639099501e-02,6.514163140505926930e-02
3.356638164213493480e-02,1.842428210325240123e-01,-5.418546365914789220e-02,6.584207905457603593e-02
3.409890940503187973e-02,1.856037687325373942e-01,-5.476190476190478940e-02,6.654252670409280257e-02
3.463441848444956395e-02,1.869521812482587975e-01,-5.533834586466165884e-02,6.724297435360956920e-02
3.517288662640014052e-02,1.882880609882784106e-01,-5.591478696741855603e-02,6.794342200312633584e-02
3.571429157689545719e-02,1.896114103611863388e-01,-5.649122807017545322e-02,6.864386965264310247e-02
3.625861108194763927e-02,1.909222317755728815e-01,-5.706766917293235042e-02,6.934431730215986911e-02
3.680582288756864551e-02,1.922205276400281992e-01,-5.764411027568924761e-02,7.004476495167663574e-02
3.735590473977043469e-02,1.935063003631425638e-01,-5.822055137844614481e-02,7.074521260119340238e-02
3.790883438456507659e-02,1.947795523535059969e-01,-5.879699248120301425e-02,7.144566025071016901e-02
3.846458956796452999e-02,1.960402860197088259e-01,-5.937343358395991144e-02,7.214610790022693565e-02
3.902314803598086468e-02,1.972885037703412947e-01,-5.994987468671680864e-02,7.284655554974370228e-02
3.958448753462606717e-02,1.985242080139935084e-01,-6.052631578947370583e-02,7.354700319926046892e-02
4.014858580991206849e-02,1.997474011592556553e-01,-6.110275689223060303e-02,7.424745084877723555e-02
4.071542060785096617e-02,2.009580856147179517e-01,-6.167919799498747246e-02,7.494789849829400219e-02
4.128496967445466348e-02,2.021562637889707248e-01,-6.225563909774436966e-02,7.564834614781076882e-02
4.185721075573528571e-02,2.033419380906040241e-01,-6.283208020050126685e-02,7.634879379732753546e-02
4.243212159770476388e-02,2.045151109282080104e-01,-6.340852130325816405e-02,7.704924144684430209e-02
4.300967994637508451e-02,2.056757847103729830e-01,-6.398496240601506124e-02,7.774968909636104097e-02
4.358986354775828964e-02,2.068239618456891027e-01,-6.456140350877195844e-02,7.845013674587780761e-02
4.417265014786639354e-02,2.079596447427466410e-01,-6.513784461152882788e-02,7.915058439539457424e-02
4.475801749271138275e-02,2.090828358101356477e-01,-6.571428571428572507e-02,7.985103204491134088e-02
4.534594332830524377e-02,2.101935374564463943e-01,-6.629072681704262227e-02,8.055147969442810751e-02
4.593640540066004641e-02,2.112917520902691804e-01,-6.686716791979951946e-02,8.125192734394487415e-02
4.652938145578772167e-02,2.123774821201940832e-01,-6.744360902255641665e-02,8.195237499346164078e-02
4.712484923970031159e-02,2.134507299548113191e-01,-6.802005012531328609e-02,8.265282264297840742e-02
4.772278649840977494e-02,2.145114980027110207e-01,-6.859649122807018329e-02,8.335327029249517405e-02
4.832317097792818150e-02,2.155597886724834877e-01,-6.917293233082708048e-02,8.405371794201194069e-02
4.892598042426751781e-02,2.165956043727189639e-01,-6.974937343358397768e-02,8.475416559152870732e-02
4.953119258343977038e-02,2.176189475120074990e-01,-7.032581453634087487e-02,8.545461324104547396e-02
5.013878520145695350e-02,2.186298204989393368e-01,-7.090225563909777207e-02,8.615506089056224059e-02
5.074873602433102593e-02,2.196282257421048045e-01,-7.147869674185464151e-02,8.685550854007900723e-02
5.136102279807405746e-02,2.206141656500939519e-01,-7.205513784461153870e-02,8.755595618959577386e-02
5.197562326869809013e-02,2.215876426314969672e-01,-7.263157894736843589e-02,8.825640383911254050e-02
5.259251518221502719e-02,2.225486590949041221e-01,-7.320802005012533309e-02,8.895685148862930713e-02
5.321167628463688293e-02,2.234972174489056884e-01,-7.378446115288223028e-02,8.965729913814607377e-02
5.383308432197572713e-02,2.244333201020916879e-01,-7.436090225563912748e-02,9.035774678766284040e-02
5.445671704024354631e-02,2.253569694630524201e-01,-7.493734335839599692e-02,9.105819443717960704e-02
5.508255218545232701e-02,2.262681679403779900e-01,-7.551378446115289411e-02,9.175864208669637367e-02
5.571056750361405574e-02,2.271669179426587526e-01,-7.609022556390979131e-02,9.245908973621314031e-02
5.634074074074071903e-02,2.280532218784848963e-01,-7.666666666666668850e-02,9.315953738572990694e-02
5.697304964284446993e-02,2.289270821564463876e-01,-7.724310776942358570e-02,9.385998503524667358e-02
5.760747195593712844e-02,2.297885011851336090e-01,-7.781954887218045513e-02,9.456043268476344021e-02
5.824398542603079210e-02,2.306374813731368323e-01,-7.839598997493735233e-02,9.526088033428020685e-02
5.888256779913744743e-02,2.314740251290461071e-01,-7.897243107769424952e-02,9.596132798379697348e-02
5.952319682126910871e-02,2.322981348614516217e-01,-7.954887218045114672e-02,9.666177563331374012e-02
6.016585023843773472e-02,2.331098129789436202e-01,-8.012531328320804391e-02,9.736222328283050675e-02
6.081050579665539524e-02,2.339090618901123741e-01,-8.070175438596494111e-02,9.806267093234727339e-02
6.145714124193407679e-02,2.346958840035480720e-01,-8.127819548872181055e-02,9.876311858186404002e-02
6.210573432028579366e-02,2.354702817278407356e-01,-8.185463659147870774e-02,9.946356623138080666e-02
6.275626277772244910e-02,2.362322574715806645e-01,-8.243107769423560494e-02,1.001640138808975733e-01
6.340870436025616841e-02,2.369818136433581579e-01,-8.300751879699250213e-02,1.008644615304143399e-01
6.406303681389899363e-02,2.377189526517633489e-01,-8.358395989974939932e-02,1.015649091799311066e-01
6.471923788466280025e-02,2.384436769053863703e-01,-8.416040100250626876e-02,1.022653568294478732e-01
6.537728531855957481e-02,2.391559888128174383e-01,-8.473684210526316596e-02,1.029658044789646398e-01
6.603715686160144260e-02,2.398558907826468245e-01,-8.531328320802006315e-02,1.036662521284814065e-01
6.669883025980039015e-02,2.405433852234646896e-01,-8.588972431077696035e-02,1.043666997779981731e-01
6.736228325916837623e-02,2.412184745438611666e-01,-8.646616541353385754e-02,1.050671474275149397e-01
6.802749360571738735e-02,2.418811611524264993e-01,-8.704260651629075474e-02,1.057675950770317064e-01
6.869443904545946555e-02,2.425314474577509871e-01,-8.761904761904762418e-02,1.064680427265484730e-01
6.936309732440662512e-02,2.431693358684247352e-01,-8.819548872180452137e-02,1.071684903760652396e-01
7.003344618857088033e-02,2.437948287930379043e-01,-8.877192982456141856e-02,1.078689380255820063e-01
7.070546338396418995e-02,2.444079286401805995e-01,-8.934837092731831576e-02,1.085693856750987729e-01
7.137912665659854050e-02,2.450086378184433145e-01,-8.992481203007521295e-02,1.092698333246155395e-01
7.205441375248602953e-02,2.455969587364160711e-01,-9.050125313283208239e-02,1.099702809741323062e-01
7.273130241763858805e-02,2.461728938026890023e-01,-9.107769423558897959e-02,1.106707286236490728e-01
7.340977039806823035e-02,2.467364454258523798e-01,-9.165413533834587678e-02,1.113711762731658395e-01
7.408979543978697069e-02,2.472876160144964475e-01,-9.223057644110277398e-02,1.120716239226826061e-01
7.477135528880682336e-02,2.478264079772113659e-01,-9.280701754385967117e-02,1.127720715721993727e-01
7.545442769113980264e-02,2.483528237225872959e-01,-9.338345864661656837e-02,1.134725192217161394e-01
7.613899039279783953e-02,2.488668656592143980e-01,-9.395989974937343781e-02,1.141729668712329060e-01
7.682502113979305935e-02,2.493685361956830548e-01,-9.453634085213033500e-02,1.148734145207496726e-01
7.751249767813739311e-02,2.498578377405833439e-01,-9.511278195488723219e-02,1.155738621702664393e-01
7.820139775384279957e-02,2.503347727025053704e-01,-9.568922305764412939e-02,1.162743098197832059e-01
7.889169911292134851e-02,2.507993434900394059e-01,-9.626566416040102658e-02,1.169747574692999725e-01
7.958337950138505423e-02,2.512515525117758330e-01,-9.684210526315792378e-02,1.176752051188167392e-01
8.027641666524590325e-02,2.516914021763045906e-01,-9.741854636591479322e-02,1.183756527683335058e-01
8.097078835051588208e-02,2.521188948922159501e-01,-9.799498746867169041e-02,1.190761004178502724e-01
8.166647230320700501e-02,2.525340330681000722e-01,-9.857142857142858761e-02,1.197765480673670391e-01
8.236344626933131408e-02,2.529368191125473397e-01,-9.914786967418548480e-02,1.204769957168838057e-01
8.306168799490074028e-02,2.533272554341478022e-01,-9.972431077694238200e-02,1.211774433664005723e-01
8.376117522592738118e-02,2.537053444414915648e-01,-1.003007518796992514e-01,1.218778910159173390e-01
8.446188570842311227e-02,2.540710885431689547e-01,-1.008771929824561486e-01,1.225783386654341056e-01
8.516379718840003110e-02,2.544244901477702436e-01,-1.014536340852130458e-01,1.232787863149508445e-01
8.586688741187020746e-02,2.547655516638855921e-01,-1.020300751879699430e-01,1.239792339644676111e-01
8.657113412484548909e-02,2.550942755001049944e-01,-1.026065162907268402e-01,1.246796816139843778e-01
8.727651507333797354e-02,2.554106640650187776e-01,-1.031829573934837374e-01,1.253801292635011444e-01
8.798300800335964733e-02,2.557147197672172689e-01,-1.037593984962406068e-01,1.260805769130179110e-01
8.869059066092252475e-02,2.560064450152905180e-01,-1.043358395989975040e-01,1.267810245625346777e-01
8.939924079203859231e-02,2.562858422178287410e-01,-1.049122807017544012e-01,1.274814722120514443e-01
9.010893614271986429e-02,2.565529137834221540e-01,-1.054887218045112984e-01,1.281819198615682109e-01
9.081965445897835498e-02,2.568076621206610288e-01,-1.060651629072681817e-01,1.288823675110849776e-01
9.153137348682602314e-02,2.570500896381354705e-01,-1.066416040100250789e-01,1.295828151606017442e-01
9.224407097227496632e-02,2.572801987444356397e-01,-1.072180451127819761e-01,1.302832628101185108e-01
9.295772466133708778e-02,2.574979918481517527e-01,-1.077944862155388595e-01,1.309837104596352775e-01
9.367231230002442954e-02,2.577034713578741920e-01,-1.083709273182957566e-01,1.316841581091520441e-01
9.438781163434903365e-02,2.578966396821929519e-01,-1.089473684210526400e-01,1.323846057586688107e-01
9.510420041032288663e-02,2.580774992296981929e-01,-1.095238095238095372e-01,1.330850534081855774e-01
9.582145637395794724e-02,2.582460524089802423e-01,-1.101002506265664344e-01,1.337855010577023440e-01
9.653955727126625752e-02,2.584023016286293717e-01,-1.106766917293233177e-01,1.344859487072191107e-01
9.725848084825983175e-02,2.585462492972356308e-01,-1.112531328320802149e-01,1.351863963567358773e-01
9.797820485095065646e-02,2.586778978233891246e-01,-1.118295739348371121e-01,1.358868440062526439e-01
9.869870702535071816e-02,2.587972496156802915e-01,-1.124060150375939954e-01,1.365872916557694106e-01
9.941996511747203114e-02,2.589043070826992921e-01,-1.129824561403508926e-01,1.372877393052861772e-01
1.001419568733266652e-01,2.589990726330361759e-01,-1.135588972431077898e-01,1.379881869548029438e-01
1.008646600389265513e-01,2.590815486752810481e-01,-1.141353383458646731e-01,1.386886346043197105e-01
1.015880523602837038e-01,2.591517376180244581e-01,-1.147117794486215703e-01,1.393890822538364771e-01
1.023121115834101647e-01,2.592096418698564553e-01,-1.152882205513784675e-01,1.400895299033532437e-01
1.030368154543178927e-01,2.592552638393670894e-01,-1.158646616541353508e-01,1.407899775528700104e-01
1.037621417190188466e-01,2.592886059351467432e-01,-1.164411027568922480e-01,1.414904252023867770e-01
1.044880681235252073e-01,2.593096705657855217e-01,-1.170175438596491313e-01,1.421908728519035436e-01
1.052145724138488503e-01,2.593184601398736966e-01,-1.175939849624060285e-01,1.428913205014203103e-01
1.059416323360017481e-01,2.593149770660013731e-01,-1.181704260651629257e-01,1.435917681509370769e-01
1.066692256359959567e-01,2.592992237527586563e-01,-1.187468671679198090e-01,1.442922158004538435e-01
1.073973300598435043e-01,2.592712026087360400e-01,-1.193233082706767062e-01,1.449926634499706102e-01
1.081259233535563913e-01,2.592309160425235182e-01,-1.198997493734336034e-01,1.456931110994873768e-01
1.088549832631465486e-01,2.591783664627113626e-01,-1.204761904761904867e-01,1.463935587490041434e-01
1.095844875346260600e-01,2.591135562778896784e-01,-1.210526315789473839e-01,1.470940063985209101e-01
1.103144139140068980e-01,2.590364878966487372e-01,-1.216290726817042811e-01,1.477944540480376767e-01
1.110447401473010909e-01,2.589471637275786997e-01,-1.222055137844611644e-01,1.484949016975544434e-01
1.117754439805205974e-01,2.588455861792698376e-01,-1.227819548872180616e-01,1.491953493470712100e-01
1.125065031596774595e-01,2.587317576603122005e-01,-1.233583959899749449e-01,1.498957969965879766e-01
1.132378954307836916e-01,2.586056805792961710e-01,-1.239348370927318421e-01,1.505962446461047433e-01
1.139695985398512523e-01,2.584673573448117989e-01,-1.245112781954887393e-01,1.512966922956215099e-01
1.147015902328921977e-01,2.583167903654494113e-01,-1.250877192982456365e-01,1.519971399451382765e-01
1.154338482559184864e-01,2.581539820497991133e-01,-1.256641604010025337e-01,1.526975875946550432e-01
1.161663503549421605e-01,2.579789348064511212e-01,-1.262406015037594309e-01,1.533980352441718098e-01
1.168990742759751927e-01,2.577916510439954845e-01,-1.268170426065163003e-01,1.540984828936885764e-01
1.176319977650296111e-01,2.575921331710227524e-01,-1.273934837092731975e-01,1.547989305432053431e-01
1.183650985681173745e-01,2.573803835961228081e-01,-1.279699248120300947e-01,1.554993781927221097e-01
1.190983544312506082e-01,2.571564047278860898e-01,-1.285463659147869642e-01,1.561998258422388763e-01
1.198317431004412015e-01,2.569201989749025916e-01,-1.291228070175438614e-01,1.569002734917556152e-01
1.205652423217011687e-01,2.566717687457625852e-01,-1.296992481203007586e-01,1.576007211412723819e-01
1.212988298410425103e-01,2.564111164490562311e-01,-1.302756892230576558e-01,1.583011687907891485e-01
1.220324834044773099e-01,2.561382444933737457e-01,-1.308521303258145529e-01,1.590016164403059151e-01
1.227661807580175124e-01,2.558531552873054560e-01,-1.314285714285714501e-01,1.597020640898226818e-01
1.234998996476751182e-01,2.555558512394413562e-01,-1.320050125313283473e-01,1.604025117393394484e-01
1.242336178194621277e-01,2.552463347583718289e-01,-1.325814536340852445e-01,1.611029593888562150e-01
1.249673130193905968e-01,2.549246082526869239e-01,-1.331578947368421140e-01,1.618034070383729817e-01
1.257009629934724704e-01,2.545906741309769683e-01,-1.337343358395990112e-01,1.625038546878897483e-01
1.264345454877197628e-01,2.542445348018320117e-01,-1.343107769423559084e-01,1.632043023374065149e-01
1.271680382481445437e-01,2.538861926738423258e-01,-1.348872180451127778e-01,1.639047499869232816e-01
1.279014190207587442e-01,2.535156501555980713e-01,-1.354636591478696750e-01,1.646051976364400482e-01
1.286346655515743787e-01,2.531329096556896863e-01,-1.360401002506265722e-01,1.653056452859568148e-01
1.293677555866034612e-01,2.527379735827069429e-01,-1.366165413533834694e-01,1.660060929354735815e-01
1.301006668718580339e-01,2.523308443452403349e-01,-1.371929824561403666e-01,1.667065405849903481e-01
1.308333771533500278e-01,2.519115243518800229e-01,-1.377694235588972638e-01,1.674069882345071147e-01
1.315658641770915405e-01,2.514800160112161120e-01,-1.383458646616541610e-01,1.681074358840238814e-01
1.322981056890944751e-01,2.510363217318389295e-01,-1.389223057644110582e-01,1.688078835335406480e-01
1.330300794353708738e-01,2.505804439223386360e-01,-1.394987468671679276e-01,1.695083311830574146e-01
1.337617631619327785e-01,2.501123849913052810e-01,-1.400751879699248248e-01,1.702087788325741813e-01
1.344931346147921758e-01,2.496321473473292474e-01,-1.406516290726817220e-01,1.709092264820909479e-01
1.352241715399610245e-01,2.491397333990006679e-01,-1.412280701754385914e-01,1.716096741316077146e-01
1.359548516834513943e-01,2.486351455549097034e-01,-1.418045112781954886e-01,1.723101217811244812e-01
1.366851527912752440e-01,2.481183862236465421e-01,-1.423809523809523858e-01,1.730105694306412478e-01
1.374150526094446434e-01,2.475894578138015112e-01,-1.429573934837092830e-01,1.737110170801580145e-01
1.381445288839714958e-01,2.470483627339647159e-01,-1.435338345864661802e-01,1.744114647296747811e-01
1.388735593608678709e-01,2.464951033927262891e-01,-1.441102756892230774e-01,1.751119123791915477e-01
1.396021217861457830e-01,2.459296821986764747e-01,-1.446867167919799746e-01,1.758123600287083144e-01
1.403301939058171910e-01,2.453521015604055722e-01,-1.452631578947368718e-01,1.765128076782250810e-01
1.410577534658941368e-01,2.447623638865036866e-01,-1.458395989974937412e-01,1.772132553277418476e-01
1.417847782123886069e-01,2.441604715855610064e-01,-1.464160401002506384e-01,1.779137029772586143e-01
1.425112458913126157e-01,2.435464270661678032e-01,-1.469924812030075356e-01,1.786141506267753809e-01
1.432371342486781773e-01,2.429202327369141823e-01,-1.475689223057644051e-01,1.793145982762921475e-01
1.439624210304972229e-01,2.422818910063903874e-01,-1.481453634085213023e-01,1.800150459258089142e-01
1.446870839827818778e-01,2.416314042831865794e-01,-1.487218045112781994e-01,1.807154935753256808e-01
1.454111008515440728e-01,2.409687749758930297e-01,-1.492982456140350966e-01,1.814159412248424474e-01
1.461344493827958502e-01,2.402940054930998715e-01,-1.498746867167919938e-01,1.821163888743592141e-01
1.468571073225491408e-01,2.396070982433973484e-01,-1.504511278195488910e-01,1.828168365238759807e-01
1.475790524168160145e-01,2.389080556353755935e-01,-1.510275689223057882e-01,1.835172841733927473e-01
1.483002624116084855e-01,2.381968800776248507e-01,-1.516040100250626854e-01,1.842177318229095140e-01
1.490207150529384850e-01,2.374735739787353361e-01,-1.521804511278195826e-01,1.849181794724262806e-01
1.497403880868181103e-01,2.367381397472972937e-01,-1.527568922305764521e-01,1.856186271219430473e-01
1.504592592592592371e-01,2.359905797919007731e-01,-1.533333333333333492e-01,1.863190747714598139e-01
1.511773063162740738e-01,2.352308965211359904e-01,-1.539097744360902187e-01,1.870195224209765805e-01
1.518945070038744405e-01,2.344590923435933005e-01,-1.544862155388471159e-01,1.877199700704933472e-01
1.526108390680723792e-01,2.336751696678627810e-01,-1.550626566416040131e-01,1.884204177200101138e-01
1.533262802548799597e-01,2.328791309025346756e-01,-1.556390977443609103e-01,1.891208653695268804e-01
1.540408083103091408e-01,2.320709784561990896e-01,-1.562155388471178075e-01,1.898213130190436471e-01
1.547544009803719645e-01,2.312507147374463223e-01,-1.567919799498747047e-01,1.905217606685604137e-01
1.554670360110803340e-01,2.304183421548665900e-01,-1.573684210526316019e-01,1.912222083180771803e-01
1.561786911484463747e-01,2.295738631170499422e-01,-1.579448621553884990e-01,1.919226559675939470e-01
1.568893441384820453e-01,2.287172800325867339e-01,-1.585213032581453962e-01,1.926231036171107136e-01
1.575989727271993046e-01,2.278485953100671257e-01,-1.590977443609022657e-01,1.933235512666274802e-01
1.583075546606102502e-01,2.269678113580812506e-01,-1.596741854636591629e-01,1.940239989161442469e-01
1.590150676847267852e-01,2.260749305852193525e-01,-1.602506265664160323e-01,1.947244465656610135e-01
1.597214895455610351e-01,2.251699554000715919e-01,-1.608270676691729295e-01,1.954248942151777801e-01
1.604267979891248752e-01,2.242528882112282407e-01,-1.614035087719298267e-01,1.961253418646945468e-01
1.611309707614303754e-01,2.233237314272794871e-01,-1.619799498746867239e-01,1.968257895142113134e-01
1.618339856084895501e-01,2.223824874568154641e-01,-1.625563909774436211e-01,1.975262371637280800e-01
1.625358202763143578e-01,2.214291587084263879e-01,-1.631328320802005183e-01,1.982266848132448467e-01
1.632364525109168962e-01,2.204637475907025024e-01,-1.637092731829574155e-01,1.989271324627616133e-01
1.639358600583090686e-01,2.194862565122339682e-01,-1.642857142857143127e-01,1.996275801122783800e-01
1.646340206645028892e-01,2.184966878816109459e-01,-1.648621553884712099e-01,2.003280277617951466e-01
1.653309120755104278e-01,2.174950441074236795e-01,-1.654385964912280793e-01,2.010284754113119132e-01
1.660265120373436432e-01,2.164813275982624130e-01,-1.660150375939849765e-01,2.017289230608286799e-01
1.667207982960145496e-01,2.154555407627173069e-01,-1.665914786967418737e-01,2.024293707103454465e-01
1.674137485975351614e-01,2.144176860093784664e-01,-1.671679197994987431e-01,2.031298183598622131e-01
1.681053406879174372e-01,2.133677657468362188e-01,-1.677443609022556403e-01,2.038302660093789798e-01
1.687955523131734470e-01,2.123057823836806968e-01,-1.683208020050125375e-01,2.045307136588957464e-01
1.694843612193151494e-01,2.112317383285021721e-01,-1.688972431077694347e-01,2.052311613084125130e-01
1.701717451523545588e-01,2.101456359898906945e-01,-1.694736842105263319e-01,2.059316089579292797e-01
1.708576818583037449e-01,2.090474777764365355e-01,-1.700501253132832291e-01,2.066320566074460463e-01
1.715421490831746110e-01,2.079372660967300224e-01,-1.706265664160401263e-01,2.073325042569628129e-01
1.722251245729791713e-01,2.068150033593611770e-01,-1.712030075187969957e-01,2.080329519064795796e-01
1.729065860737294957e-01,2.056806919729202154e-01,-1.717794486215538929e-01,2.087333995559963462e-01
1.735865113314375707e-01,2.045343343459973817e-01,-1.723558897243107901e-01,2.094338472055131128e-01
1.742648780921153828e-01,2.033759328871829475e-01,-1.729323308270676873e-01,2.101342948550298795e-01
1.749416641017749185e-01,2.022054900050670456e-01,-1.735087719298245568e-01,2.108347425045466461e-01
1.756168471064282199e-01,2.010230081082397535e-01,-1.740852130325814540e-01,2.115351901540634127e-01
1.762904048520872458e-01,1.998284896052913984e-01,-1.746616541353383512e-01,2.122356378035801794e-01
1.769623150847640658e-01,1.986219369048122241e-01,-1.752380952380952484e-01,2.129360854530969460e-01
1.776325555504706388e-01,1.974033524153923358e-01,-1.758145363408521455e-01,2.136365331026137127e-01
1.783011039952189791e-01,1.961727385456219219e-01,-1.763909774436090427e-01,2.143369807521304793e-01
1.789679381650211010e-01,1.949300977040911986e-01,-1.769674185463659399e-01,2.150374284016472459e-01
1.796330358058890186e-01,1.936754322993904653e-01,-1.775438596491228094e-01,2.157378760511640126e-01
1.802963746638346909e-01,1.924087447401097717e-01,-1.781203007518797066e-01,2.164383237006807792e-01
1.809579324848701321e-01,1.911300374348393616e-01,-1.786967418546366038e-01,2.171387713501975458e-01
1.816176870150074119e-01,1.898393127921694790e-01,-1.792731829573935010e-01,2.178392189997143125e-01
1.822756160002584613e-01,1.885365732206903122e-01,-1.798496240601503982e-01,2.185396666492310513e-01
1.829316971866352948e-01,1.872218211289920220e-01,-1.804260651629072676e-01,2.192401142987478180e-01
1.835859083201499264e-01,1.858950589256647690e-01,-1.810025062656641648e-01,2.199405619482645846e-01
1.842382271468144261e-01,1.845562890192988248e-01,-1.815789473684210620e-01,2.206410095977813512e-01
1.848886314126407249e-01,1.832055138184844056e-01,-1.821553884711779592e-01,2.213414572472981179e-01
1.855370988636407814e-01,1.818427357318116999e-01,-1.827318295739348564e-01,2.220419048968148845e-01
1.861836072458267211e-01,1.804679571678707850e-01,-1.833082706766917536e-01,2.227423525463316512e-01
1.868281343052104748e-01,1.790811805352519326e-01,-1.838847117794486508e-01,2.234428001958484178e-01
1.874706577878040570e-01,1.776824082425454698e-01,-1.844611528822055202e-01,2.241432478453651844e-01
1.881111554396194818e-01,1.762716426983414186e-01,-1.850375939849624174e-01,2.248436954948819511e-01
1.887496050066687359e-01,1.748488863112300506e-01,-1.856140350877193146e-01,2.255441431443987177e-01
1.893859842349638334e-01,1.734141414898015265e-01,-1.861904761904762118e-01,2.262445907939154843e-01
1.900202708705168164e-01,1.719674106426460902e-01,-1.867669172932330812e-01,2.269450384434322510e-01
1.906524426593396160e-01,1.705086961783539579e-01,-1.873433583959899784e-01,2.276454860929490176e-01
1.912824773474443019e-01,1.690380005055152068e-01,-1.879197994987468756e-01,2.283459337424657842e-01
1.919103526808428328e-01,1.675553260327201366e-01,-1.884962406015037728e-01,2.290463813919825509e-01
1.925360464055472509e-01,1.660606751685589633e-01,-1.890726817042606700e-01,2.297468290414993175e-01
1.931595362675695149e-01,1.645540503216218475e-01,-1.896491228070175672e-01,2.304472766910160841e-01
1.937808000129216668e-01,1.630354539004989223e-01,-1.902255639097744644e-01,2.311477243405328508e-01
1.943998153876157209e-01,1.615048883137804592e-01,-1.908020050125313338e-01,2.318481719900496174e-01
1.950165601376636637e-01,1.599623559700567299e-01,-1.913784461152882310e-01,2.325486196395663840e-01
1.956310120090774818e-01,1.584078592779177563e-01,-1.919548872180451282e-01,2.332490672890831507e-01
1.962431487478691894e-01,1.568414006459538379e-01,-1.925313283208020254e-01,2.339495149385999173e-01
1.968529481000508286e-01,1.552629824827551908e-01,-1.931077694235588949e-01,2.346499625881166839e-01
1.974603878116343580e-01,1.536726071969119756e-01,-1.936842105263157920e-01,2.353504102376334506e-01
1.980654456286317922e-01,1.520702771970144085e-01,-1.942606516290726892e-01,2.360508578871502172e-01
1.986680992970551451e-01,1.504559948916526502e-01,-1.948370927318295864e-01,2.367513055366669839e-01
1.992683265629164313e-01,1.488297626894168890e-01,-1.954135338345864836e-01,2.374517531861837505e-01
1.998661051722276372e-01,1.471915829988974522e-01,-1.959899749373433808e-01,2.381522008357005171e-01
2.004614128710007492e-01,1.455414582286844172e-01,-1.965664160401002780e-01,2.388526484852172838e-01
2.010542274052478096e-01,1.438793907873679445e-01,-1.971428571428571475e-01,2.395530961347340504e-01
2.016445265209808324e-01,1.422053830835383337e-01,-1.977192982456140447e-01,2.402535437842508170e-01
2.022322879642117766e-01,1.405194375257857731e-01,-1.982957393483709418e-01,2.409539914337675837e-01
2.028174894809526563e-01,1.388215565227004233e-01,-1.988721804511278390e-01,2.416544390832843503e-01
2.034001088172154859e-01,1.371117424828724174e-01,-1.994486215538847085e-01,2.423548867328011169e-01
2.039801237190123073e-01,1.353899978148920269e-01,-2.000250626566416057e-01,2.430553343823178836e-01
2.045575119323550795e-01,1.336563249273495235e-01,-2.006015037593985029e-01,2.437557820318346502e-01
2.051322512032557888e-01,1.319107262288350679e-01,-2.011779448621554001e-01,2.444562296813514168e-01
2.057043192777264773e-01,1.301532041279387375e-01,-2.017543859649122973e-01,2.451566773308681835e-01
2.062736939017791593e-01,1.283837610332507762e-01,-2.023308270676691945e-01,2.458571249803849501e-01
2.068403528214258214e-01,1.266023993533615111e-01,-2.029072681704260916e-01,2.465575726299017167e-01
2.074042737826784499e-01,1.248091214968610196e-01,-2.034837092731829611e-01,2.472580202794184834e-01
2.079654345315490871e-01,1.230039298723394764e-01,-2.040601503759398583e-01,2.479584679289352500e-01
2.085238128140496916e-01,1.211868268883871391e-01,-2.046365914786967555e-01,2.486589155784520166e-01
2.090793863761923055e-01,1.193578149535942379e-01,-2.052130325814536527e-01,2.493593632279687833e-01
2.096321329639889430e-01,1.175168964765509610e-01,-2.057894736842105221e-01,2.500598108774855222e-01
2.101820303234515630e-01,1.156640738658473722e-01,-2.063659147869674193e-01,2.507602585270022888e-01
2.107290562005921797e-01,1.137993495300737706e-01,-2.069423558897243165e-01,2.514607061765190554e-01
2.112731883414228351e-01,1.119227258778204281e-01,-2.075187969924812137e-01,2.521611538260358221e-01
2.118144044919555158e-01,1.100342053176774915e-01,-2.080952380952381109e-01,2.528616014755525887e-01
2.123526823982022083e-01,1.081337902582350241e-01,-2.086716791979950081e-01,2.535620491250693553e-01
2.128879998061749546e-01,1.062214831080833671e-01,-2.092481203007519053e-01,2.542624967745861220e-01
2.134203344618857134e-01,1.042972862758127367e-01,-2.098245614035087747e-01,2.549629444241028886e-01
2.139496641113465270e-01,1.023612021700132935e-01,-2.104010025062656719e-01,2.556633920736196552e-01
2.144759665005693816e-01,1.004132331992751426e-01,-2.109774436090225691e-01,2.563638397231364219e-01
2.149992193755662639e-01,9.845338177218855569e-02,-2.115538847117794663e-01,2.570642873726531885e-01
2.155194004823492160e-01,9.648165029734380449e-02,-2.121303258145363635e-01,2.577647350221699551e-01
2.160364875669302243e-01,9.449804118333103575e-02,-2.127067669172932329e-01,2.584651826716867218e-01
2.165504583753213030e-01,9.250255683874032686e-02,-2.132832080200501301e-01,2.591656303212034884e-01
2.170612906535344389e-01,9.049519967216196337e-02,-2.138596491228070273e-01,2.598660779707202551e-01
2.175689621475816460e-01,8.847597209218627246e-02,-2.144360902255639245e-01,2.605665256202370217e-01
2.180734506034749109e-01,8.644487650740331763e-02,-2.150125313283208217e-01,2.612669732697537883e-01
2.185747337672262758e-01,8.440191532640323180e-02,-2.155889724310777189e-01,2.619674209192705550e-01
2.190727893848477270e-01,8.234709095777630050e-02,-2.161654135338345883e-01,2.626678685687873216e-01
2.195675952023512789e-01,8.028040581011280930e-02,-2.167418546365914855e-01,2.633683162183040882e-01
2.200591289657489180e-01,7.820186229200286332e-02,-2.173182957393483827e-01,2.640687638678208549e-01
2.205473684210526308e-01,7.611146281203653996e-02,-2.178947368421052799e-01,2.647692115173376215e-01
2.210322913142744872e-01,7.400920977880419416e-02,-2.184711779448621771e-01,2.654696591668543881e-01
2.215138753914264180e-01,7.189510560089605595e-02,-2.190476190476190466e-01,2.661701068163711548e-01
2.219920983985204654e-01,6.976915268690225824e-02,-2.196240601503759438e-01,2.668705544658879214e-01
2.224669380815686437e-01,6.763135344541290617e-02,-2.202005012531328410e-01,2.675710021154046880e-01
2.229383721865829393e-01,6.548171028501827140e-02,-2.207769423558897381e-01,2.682714497649214547e-01
2.234063784595753666e-01,6.332022561430866725e-02,-2.213533834586466353e-01,2.689718974144382213e-01
2.238709346465579120e-01,6.114690184187419886e-02,-2.219298245614035325e-01,2.696723450639549879e-01
2.243320184935426176e-01,5.896174137630494361e-02,-2.225062656641604020e-01,2.703727927134717546e-01
2.247896077465414422e-01,5.676474662619122868e-02,-2.230827067669172992e-01,2.710732403629885212e-01
2.252436801515664277e-01,5.455592000012331189e-02,-2.236591478696741964e-01,2.717736880125052878e-01
2.256942134546295331e-01,5.233526390669131223e-02,-2.242355889724310936e-01,2.724741356620220545e-01
2.261411854017428280e-01,5.010278075448533486e-02,-2.248120300751879908e-01,2.731745833115388211e-01
2.265845737389182435e-01,4.785847295209566532e-02,-2.253884711779448602e-01,2.738750309610555878e-01
2.270243562121678493e-01,4.560234290811261693e-02,-2.259649122807017574e-01,2.745754786105723544e-01
2.274605105675036321e-01,4.333439303112626706e-02,-2.265413533834586546e-01,2.752759262600891210e-01
2.278930145509375504e-01,4.105462572972672780e-02,-2.271177944862155518e-01,2.759763739096058877e-01
2.283218459084816743e-01,3.876304341250429164e-02,-2.276942355889724490e-01,2.766768215591226543e-01
2.287469823861479901e-01,3.645964848804925107e-02,-2.282706766917293462e-01,2.773772692086394209e-01
2.291684017299484566e-01,3.414444336495171123e-02,-2.288471177944862156e-01,2.780777168581561876e-01
2.295860816858951436e-01,3.181743045180177032e-02,-2.294235588972431128e-01,2.787781645076729542e-01
2.300000000000000100e-01,2.947861215718972083e-02,-2.300000000000000100e-01,2.794786121571897208e-01
2.300000000000000100e-01,2.947861215718972083e-02,-2.300000000000000100e-01,2.794786121571897208e-01
2.300000000000000100e-01,2.947861215718972083e-02,-2.300000000000000100e-01,2.794786121571897208e-01
2.300000000000000100e-01,2.947861215718972083e-02,-2.300000000000000100e-01,2.794786121571897208e-01
2.300000000000000100e-01,2.947861215718972083e-02,-2.300000000000000100e-01,2.794786121571897208e-01
2.300000000000000100e-01,2.947861215718972083e-02,-2.300000000000000100e-01,2.794786121571897208e-01
2.300000000000000100e-01,2.947861215718972083e-02,-2.300000000000000100e-01,2.794786121571897208e-01
2.300000000000000100e-01,2.947861215718972083e-02,-2.300000000000000100e-01,2.794786121571897208e-01
2.300000000000000100e-01,2.947861215718972083e-02,-2.300000000000000100e-01,2.794786121571897208e-01
2.300000000000000100e-01,2.947861215718972083e-02,-2.300000000000000100e-01,2.794786121571897208e-01
2.300000000000000100e-01,2.947861215718972083e-02,-2.300000000000000100e-01,2.794786121571897208e-01
2.300000000000000100e-01,2.947861215718972083e-02,-2.300000000000000100e-01,2.794786121571897208e-01
2.300000000000000100e-01,2.947861215718972083e-02,-2.300000000000000100e-01,2.794786121571897208e-01
2.300000000000000100e-01,2.947861215718972083e-02,-2.300000000000000100e-01,2.794786121571897208e-01
2.300000000000000100e-01,2.947861215718972083e-02,-2.300000000000000100e-01,2.794786121571897208e-01
2.300000000000000100e-01,2.947861215718972083e-02,-2.300000000000000100e-01,2.794786121571897208e-01
2.300000000000000100e-01,2.947861215718972083e-02,-2.300000000000000100e-01,2.794786121571897208e-01
2.300000000000000100e-01,2.947861215718972083e-02,-2.300000000000000100e-01,2.794786121571897208e-01
2.300000000000000100e-01,2.947861215718972083e-02,-2.300000000000000100e-01,2.794786121571897208e-01
2.300000000000000100e-01,2.947861215718972083e-02,-2.300000000000000100e-01,2.794786121571897208e-01
2.300000000000000100e-01,2.947861215718972083e-02,-2.300000000000000100e-01,2.794786121571897208e-01
2.300000000000000100e-01,2.947861215718972083e-02,-2.300000000000000100e-01,2.794786121571897208e-01
2.300000000000000100e-01,2.947861215718972083e-02,-2.300000000000000100e-01,2.794786121571897208e-01
2.300000000000000100e-01,2.947861215718972083e-02,-2.300000000000000100e-01,2.794786121571897208e-01
2.300000000000000100e-01,2.947861215718972083e-02,-2.300000000000000100e-01,2.794786121571897208e-01
2.300000000000000100e-01,2.947861215718972083e-02,-2.300000000000000100e-01,2.794786121571897208e-01
2.300000000000000100e-01,2.947861215718972083e-02,-2.300000000000000100e-01,2.794786121571897208e-01
2.300000000000000100e-01,2.947861215718972083e-02,-2.300000000000000100e-01,2.794786121571897208e-01
2.300000000000000100e-01,2.947861215718972083e-02,-2.300000000000000100e-01,2.794786121571897208e-01
2.300000000000000100e-01,2.947861215718972083e-02,-2.300000000000000100e-01,2.794786121571897208e-01
2.300000000000000100e-01,2.947861215718972083e-02,-2.300000000000000100e-01,2.794786121571897208e-01
2.300000000000000100e-01,2.947861215718972083e-02,-2.300000000000000100e-01,2.794786121571897208e-01
2.300000000000000100e-01,2.947861215718972083e-02,-2.300000000000000100e-01,2.794786121571897208e-01
2.300000000000000100e-01,2.947861215718972083e-02,-2.300000000000000100e-01,2.794786121571897208e-01
2.300000000000000100e-01,2.947861215718972083e-02,-2.300000000000000100e-01,2.794786121571897208e-01
2.300000000000000100e-01,2.947861215718972083e-02,-2.300000000000000100e-01,2.794786121571897208e-01
2.300000000000000100e-01,2.947861215718972083e-02,-2.300000000000000100e-01,2.794786121571897208e-01
2.300000000000000100e-01,2.947861215718972083e-02,-2.300000000000000100e-01,2.794786121571897208e-01
2.300000000000000100e-01,2.947861215718972083e-02,-2.300000000000000100e-01,2.794786121571897208e-01
2.300000000000000100e-01,2.947861215718972083e-02,-2.300000000000000100e-01,2.794786121571897208e-01
2.300000000000000100e-01,2.947861215718972083e-02,-2.300000000000000100e-01,2.794786121571897208e-01
2.300000000000000100e-01,2.947861215718972083e-02,-2.300000000000000100e-01,2.794786121571897208e-01
2.300000000000000100e-01,2.947861215718972083e-02,-2.300000000000000100e-01,2.794786121571897208e-01
2.300000000000000100e-01,2.947861215718972083e-02,-2.300000000000000100e-01,2.794786121571897208e-01
2.300000000000000100e-01,2.947861215718972083e-02,-2.300000000000000100e-01,2.794786121571897208e-01
2.300000000000000100e-01,2.947861215718972083e-02,-2.300000000000000100e-01,2.794786121571897208e-01
2.300000000000000100e-01,2.947861215718972083e-02,-2.300000000000000100e-01,2.794786121571897208e-01
2.300000000000000100e-01,2.947861215718972083e-02,-2.300000000000000100e-01,2.794786121571897208e-01
2.300000000000000100e-01,2.947861215718972083e-02,-2.300000000000000100e-01,2.794786121571897208e-01
2.300000000000000100e-01,2.947861215718972083e-02,-2.300000000000000100e-01,2.794786121571897208e-01
2.300000000000000100e-01,2.947861215718972083e-02,-2.300000000000000100e-01,2.794786121571897208e-01
2.300000000000000100e-01,2.947861215718972083e-02,-2.300000000000000100e-01,2.794786121571897208e-01
2.300000000000000100e-01,2.947861215718972083e-02,-2.300000000000000100e-01,2.794786121571897208e-01
2.300000000000000100e-01,2.947861215718972083e-02,-2.300000000000000100e-01,2.794786121571897208e-01
2.300000000000000100e-01,2.947861215718972083e-02,-2.300000000000000100e-01,2.794786121571897208e-01
2.300000000000000100e-01,2.947861215718972083e-02,-2.300000000000000100e-01,2.794786121571897208e-01
2.300000000000000100e-01,2.947861215718972083e-02,-2.300000000000000100e-01,2.794786121571897208e-01
2.300000000000000100e-01,2.947861215718972083e-02,-2.300000000000000100e-01,2.794786121571897208e-01
2.300000000000000100e-01,2.947861215718972083e-02,-2.300000000000000100e-01,2.794786121571897208e-01
2.300000000000000100e-01,2.947861215718972083e-02,-2.300000000000000100e-01,2.794786121571897208e-01
2.300000000000000100e-01,2.947861215718972083e-02,-2.300000000000000100e-01,2.794786121571897208e-01
2.300000000000000100e-01,2.947861215718972083e-02,-2.300000000000000100e-01,2.794786121571897208e-01
2.300000000000000100e-01,2.947861215718972083e-02,-2.300000000000000100e-01,2.794786121571897208e-01
2.300000000000000100e-01,2.947861215718972083e-02,-2.300000000000000100e-01,2.794786121571897208e-01
2.300000000000000100e-01,2.947861215718972083e-02,-2.300000000000000100e-01,2.794786121571897208e-01
2.300000000000000100e-01,2.947861215718972083e-02,-2.300000000000000100e-01,2.794786121571897208e-01
2.300000000000000100e-01,2.947861215718972083e-02,-2.300000000000000100e-01,2.794786121571897208e-01
2.300000000000000100e-01,2.947861215718972083e-02,-2.300000000000000100e-01,2.794786121571897208e-01
2.300000000000000100e-01,2.947861215718972083e-02,-2.300000000000000100e-01,2.794786121571897208e-01
2.300000000000000100e-01,2.947861215718972083e-02,-2.300000000000000100e-01,2.794786121571897208e-01
2.300000000000000100e-01,2.947861215718972083e-02,-2.300000000000000100e-01,2.794786121571897208e-01
2.300000000000000100e-01,2.947861215718972083e-02,-2.300000000000000100e-01,2.794786121571897208e-01
2.300000000000000100e-01,2.947861215718972083e-02,-2.300000000000000100e-01,2.794786121571897208e-01
2.300000000000000100e-01,2.947861215718972083e-02,-2.300000000000000100e-01,2.794786121571897208e-01
2.300000000000000100e-01,2.947861215718972083e-02,-2.300000000000000100e-01,2.794786121571897208e-01
2.300000000000000100e-01,2.947861215718972083e-02,-2.300000000000000100e-01,2.794786121571897208e-01
2.300000000000000100e-01,2.947861215718972083e-02,-2.300000000000000100e-01,2.794786121571897208e-01
2.300000000000000100e-01,2.947861215718972083e-02,-2.300000000000000100e-01,2.794786121571897208e-01
2.300000000000000100e-01,2.947861215718972083e-02,-2.300000000000000100e-01,2.794786121571897208e-01
2.300000000000000100e-01,2.947861215718972083e-02,-2.300000000000000100e-01,2.794786121571897208e-01
2.300000000000000100e-01,2.947861215718972083e-02,-2.300000000000000100e-01,2.794786121571897208e-01
2.300000000000000100e-01,2.947861215718972083e-02,-2.300000000000000100e-01,2.794786121571897208e-01
2.300000000000000100e-01,2.947861215718972083e-02,-2.300000000000000100e-01,2.794786121571897208e-01
2.300000000000000100e-01,2.947861215718972083e-02,-2.300000000000000100e-01,2.794786121571897208e-01
2.300000000000000100e-01,2.947861215718972083e-02,-2.300000000000000100e-01,2.794786121571897208e-01
2.300000000000000100e-01,2.947861215718972083e-02,-2.300000000000000100e-01,2.794786121571897208e-01
2.300000000000000100e-01,2.947861215718972083e-02,-2.300000000000000100e-01,2.794786121571897208e-01
2.300000000000000100e-01,2.947861215718972083e-02,-2.300000000000000100e-01,2.794786121571897208e-01
2.300000000000000100e-01,2.947861215718972083e-02,-2.300000000000000100e-01,2.794786121571897208e-01
2.300000000000000100e-01,2.947861215718972083e-02,-2.300000000000000100e-01,2.794786121571897208e-01
2.300000000000000100e-01,2.947861215718972083e-02,-2.300000000000000100e-01,2.794786121571897208e-01
2.300000000000000100e-01,2.947861215718972083e-02,-2.300000000000000100e-01,2.794786121571897208e-01
2.300000000000000100e-01,2.947861215718972083e-02,-2.300000000000000100e-01,2.794786121571897208e-01
2.300000000000000100e-01,2.947861215718972083e-02,-2.300000000000000100e-01,2.794786121571897208e-01
2.300000000000000100e-01,2.947861215718972083e-02,-2.300000000000000100e-01,2.794786121571897208e-01
2.300000000000000100e-01,2.947861215718972083e-02,-2.300000000000000100e-01,2.794786121571897208e-01
2.300000000000000100e-01,2.947861215718972083e-02,-2.300000000000000100e-01,2.794786121571897208e-01
2.300000000000000100e-01,2.947861215718972083e-02,-2.300000000000000100e-01,2.794786121571897208e-01
2.300000000000000100e-01,2.947861215718972083e-02,-2.300000000000000100e-01,2.794786121571897208e-01
2.300000000000000100e-01,2.947861215718972083e-02,-2.300000000000000100e-01,2.794786121571897208e-01
2.300000000000000100e-01,2.947861215718972083e-02,-2.300000000000000100e-01,2.794786121571897208e-01
2.300000000000000100e-01,2.947861215718972083e-02,-2.300000000000000100e-01,2.794786121571897208e-01
2.300000000000000100e-01,2.947861215718972083e-02,-2.300000000000000100e-01,2.794786121571897208e-01
2.300000000000000100e-01,2.947861215718972083e-02,-2.300000000000000100e-01,2.794786121571897208e-01
2.300000000000000100e-01,2.947861215718972083e-02,-2.300000000000000100e-01,2.794786121571897208e-01
2.300000000000000100e-01,2.947861215718972083e-02,-2.300000000000000100e-01,2.794786121571897208e-01
2.300000000000000100e-01,2.947861215718972083e-02,-2.300000000000000100e-01,2.794786121571897208e-01
2.300000000000000100e-01,2.947861215718972083e-02,-2.300000000000000100e-01,2.794786121571897208e-01
2.300000000000000100e-01,2.947861215718972083e-02,-2.300000000000000100e-01,2.794786121571897208e-01
2.300000000000000100e-01,2.947861215718972083e-02,-2.300000000000000100e-01,2.794786121571897208e-01
2.300000000000000100e-01,2.947861215718972083e-02,-2.300000000000000100e-01,2.794786121571897208e-01
2.300000000000000100e-01,2.947861215718972083e-02,-2.300000000000000100e-01,2.794786121571897208e-01
2.300000000000000100e-01,2.947861215718972083e-02,-2.300000000000000100e-01,2.794786121571897208e-01
2.300000000000000100e-01,2.947861215718972083e-02,-2.300000000000000100e-01,2.794786121571897208e-01
2.300000000000000100e-01,2.947861215718972083e-02,-2.300000000000000100e-01,2.794786121571897208e-01
2.300000000000000100e-01,2.947861215718972083e-02,-2.300000000000000100e-01,2.794786121571897208e-01
2.300000000000000100e-01,2.947861215718972083e-02,-2.300000000000000100e-01,2.794786121571897208e-01
2.300000000000000100e-01,2.947861215718972083e-02,-2.300000000000000100e-01,2.794786121571897208e-01
2.300000000000000100e-01,2.947861215718972083e-02,-2.300000000000000100e-01,2.794786121571897208e-01
2.300000000000000100e-01,2.947861215718972083e-02,-2.300000000000000100e-01,2.794786121571897208e-01
2.300000000000000100e-01,2.947861215718972083e-02,-2.300000000000000100e-01,2.794786121571897208e-01
2.300000000000000100e-01,2.947861215718972083e-02,-2.300000000000000100e-01,2.794786121571897208e-01
2.300000000000000100e-01,2.947861215718972083e-02,-2.300000000000000100e-01,2.794786121571897208e-01
2.300000000000000100e-01,2.947861215718972083e-02,-2.300000000000000100e-01,2.794786121571897208e-01
2.300000000000000100e-01,2.947861215718972083e-02,-2.300000000000000100e-01,2.794786121571897208e-01
2.300000000000000100e-01,2.947861215718972083e-02,-2.300000000000000100e-01,2.794786121571897208e-01
2.300000000000000100e-01,2.947861215718972083e-02,-2.300000000000000100e-01,2.794786121571897208e-01
2.300000000000000100e-01,2.947861215718972083e-02,-2.300000000000000100e-01,2.794786121571897208e-01
2.300000000000000100e-01,2.947861215718972083e-02,-2.300000000000000100e-01,2.794786121571897208e-01
2.300000000000000100e-01,2.947861215718972083e-02,-2.300000000000000100e-01,2.794786121571897208e-01
2.300000000000000100e-01,2.947861215718972083e-02,-2.300000000000000100e-01,2.794786121571897208e-01
2.300000000000000100e-01,2.947861215718972083e-02,-2.300000000000000100e-01,2.794786121571897208e-01
2.300000000000000100e-01,2.947861215718972083e-02,-2.300000000000000100e-01,2.794786121571897208e-01
2.300000000000000100e-01,2.947861215718972083e-02,-2.300000000000000100e-01,2.794786121571897208e-01
2.300000000000000100e-01,2.947861215718972083e-02,-2.300000000000000100e-01,2.794786121571897208e-01
2.294360554908377314e-01,2.933183107081216434e-02,-2.297364162507977425e-01,2.806434430853550488e-01
2.288720173092726184e-01,2.918541035346278179e-02,-2.294565461289406749e-01,2.818044683709145515e-01
2.283078856855857985e-01,2.903935006492075477e-02,-2.291602463095180897e-01,2.829614095719057976e-01
2.277436608500967019e-01,2.889365026481882648e-02,-2.288473750618710556e-01,2.841139795792342326e-01
2.271793430331627561e-01,2.874831101264196942e-02,-2.285177925193227766e-01,2.852618823992659203e-01
2.266149324651792474e-01,2.860333236772838461e-02,-2.281713609736057968e-01,2.864048129272971366e-01
2.260504293765795147e-01,2.845871438926861341e-02,-2.278079451905500041e-01,2.875424567340854609e-01
2.254858339978345061e-01,2.831445713630631467e-02,-2.274274127531521195e-01,2.886744898483737942e-01
2.249211465594529447e-01,2.817056066773770961e-02,-2.270296344338497974e-01,2.898005785414808910e-01
2.243563672919811069e-01,2.802702504231180392e-02,-2.266144845943461050e-01,2.909203791262821581e-01
2.237914964260027673e-01,2.788385031863016561e-02,-2.261818416130327303e-01,2.920335377728452975e-01
2.232265341921390867e-01,2.774103655514703615e-02,-2.257315883458055894e-01,2.931396903317928793e-01
2.226614808210485297e-01,2.759858381016944140e-02,-2.252636126201569555e-01,2.942384621738771133e-01
2.220963365434268089e-01,2.745649214185685860e-02,-2.247778077649909556e-01,2.953294680473206313e-01
2.215311015900066627e-01,2.731476160822143839e-02,-2.242740731742852711e-01,2.964123119621996927e-01
2.209657761915579943e-01,2.717339226712767175e-02,-2.237523149059534588e-01,2.974865871032876252e-01
2.204003605788874554e-01,2.703238417629294510e-02,-2.232124463192627362e-01,2.985518757714620830e-01
2.198348549828386955e-01,2.689173739328687418e-02,-2.226543887500970209e-01,2.996077493608484410e-01
2.192692596342919742e-01,2.675145197553163712e-02,-2.220780722242235994e-01,3.006537683766350999e-01
2.187035747641642713e-01,2.661152798030197442e-02,-2.214834362084647235e-01,3.016894824986443568e-01
2.181378006034090378e-01,2.647196546472496692e-02,-2.208704303995783214e-01,3.027144306958229891e-01
2.175719373830163339e-01,2.633276448578003581e-02,-2.202390155481551148e-01,3.037281413989199597e-01
2.170059853340124134e-01,2.619392510029916465e-02,-2.195891643170003737e-01,3.047301327358540313e-01
2.164399446874598620e-01,2.605544736496667735e-02,-2.189208621720241110e-01,3.057199128358484286e-01
2.158738156744574588e-01,2.591733133631912711e-02,-2.182341083021202555e-01,3.066969802091554231e-01
2.153075985261400094e-01,2.577957707074562954e-02,-2.175289165641312306e-01,3.076608242087600087e-01
2.147412934736783741e-01,2.564218462448730751e-02,-2.168053164481073547e-01,3.086109255803908269e-01
2.141749007482792455e-01,2.550515405363762422e-02,-2.160633540571194888e-01,3.095467571070085744e-01
2.136084205811850656e-01,2.536848541414260527e-02,-2.153030930948659216e-01,3.104677843536337023e-01
2.130418532036741364e-01,2.523217876180006147e-02,-2.145246158532573000e-01,3.113734665179246908e-01
2.124751988470602315e-01,2.509623415226036602e-02,-2.137280241910711476e-01,3.122632573912838549e-01
2.119084577426926519e-01,2.496065164102589939e-02,-2.129134404936694480e-01,3.131366064344518474e-01
2.113416301219561144e-01,2.482543128345127137e-02,-2.120810086026920505e-01,3.139929599705252317e-01
2.107747162162707244e-01,2.469057313474321003e-02,-2.112308947036096729e-01,3.148317624970969342e-01
2.102077162570917257e-01,2.455607724996056174e-02,-2.103632881580697889e-01,3.156524581177566069e-01
2.096406304759095562e-01,2.442194368401418014e-02,-2.094784022671490054e-01,3.164544920915130510e-01
2.090734591042496815e-01,2.428817249166737025e-02,-2.085764749509682880e-01,3.172373124968113078e-01
2.085062023736725112e-01,2.415476372753500023e-02,-2.076577693296842997e-01,3.180003720047325233e-01
2.079388605157732606e-01,2.402171744608427861e-02,-2.067225741906795200e-01,3.187431297537188790e-01
2.073714337621819781e-01,2.388903370163419915e-02,-2.057712043268907776e-01,3.194650533157857852e-01
2.068039223445632957e-01,2.375671254835598489e-02,-2.048040007316636324e-01,3.201656207417281630e-01
2.062363264946164287e-01,2.362475404027264414e-02,-2.038213306363519939e-01,3.208443226703486251e-01
2.056686464440751760e-01,2.349315823125930347e-02,-2.028235873780997456e-01,3.215006644843039774e-01
2.051008824247075035e-01,2.336192517504276367e-02,-2.018111900868876929e-01,3.221341684928678006e-01
2.045330346683158496e-01,2.323105492520183279e-02,-2.007845831829684347e-01,3.227443761198042216e-01
2.039651034067367918e-01,2.310054753516743720e-02,-1.997442356782608008e-01,3.233308500727509194e-01
2.033970888718408532e-01,2.297040305822184436e-02,-1.986906402780767855e-01,3.238931764690850534e-01
2.028289912955327789e-01,2.284062154749966211e-02,-1.976243122826727427e-01,3.244309668922800149e-01
2.022608109097511209e-01,2.271120305598706146e-02,-1.965457882914666832e-01,3.249438603523232549e-01
2.016925479464681537e-01,2.258214763652199863e-02,-1.954556247162827498e-01,3.254315251239137119e-01
2.011242026376899583e-01,2.245345534179410407e-02,-1.943543961135502374e-01,3.258936604369239709e-01
2.005557752154563389e-01,2.232512622434523752e-02,-1.932426933489073129e-01,3.263299979950157748e-01
1.999872659118403506e-01,2.219716033656826681e-02,-1.921211216110197129e-01,3.267403033003383195e-01
1.994186749589487162e-01,2.206955773070828908e-02,-1.909902982945047289e-01,3.271243767648613354e-01
1.988500025889214651e-01,2.194231845886185361e-02,-1.898508507745537699e-01,3.274820545920715809e-01
1.982812490339317113e-01,2.181544257297740597e-02,-1.887034140980631269e-01,3.278132094163789256e-01
1.977124145261858756e-01,2.168893012485484384e-02,-1.875486286177473760e-01,3.281177506915491926e-01
1.971434992979233802e-01,2.156278116614540608e-02,-1.863871375967502686e-01,3.283956248236793996e-01
1.965745035814165098e-01,2.143699574835256083e-02,-1.852195848116659771e-01,3.286468150486019368e-01
1.960054276089706060e-01,2.131157392283100638e-02,-1.840466121815960698e-01,3.288713410578025798e-01
1.954362716129236233e-01,2.118651574078678212e-02,-1.828688574499735542e-01,3.290692583810855276e-01
1.948670358256462121e-01,2.106182125327782373e-02,-1.816869519443701231e-01,3.292406575380479317e-01
1.942977204795416635e-01,2.093749051121340798e-02,-1.805015184374477999e-01,3.293856629739325137e-01
1.937283258070456593e-01,2.081352356535437487e-02,-1.793131691297073504e-01,3.295044317983468196e-01
1.931588520406263554e-01,2.068992046631301651e-02,-1.781225037718581483e-01,3.295971523477198017e-01
1.925892994127840763e-01,2.056668126455296619e-02,-1.769301079415077360e-01,3.296640425942798935e-01
1.920196681560515373e-01,2.044380601038953138e-02,-1.757365514856327748e-01,3.297053484255407785e-01
1.914499585029933726e-01,2.032129475398924967e-02,-1.745423871370035129e-01,3.297213418189247069e-01
1.908801706862063019e-01,2.019914754536999979e-02,-1.733481493095076764e-01,3.297123189362402562e-01
1.903103049383189915e-01,2.007736443440111263e-02,-1.721543530742375150e-01,3.296785981622764039e-01
1.897403614919918047e-01,1.995594547080337122e-02,-1.709614933153308647e-01,3.296205181108867732e-01
1.891703405799169679e-01,1.983489070414878874e-02,-1.697700440619638873e-01,3.295384356206334520e-01
1.886002424348182938e-01,1.971420018386049744e-02,-1.685804579905368084e-01,3.294327237604958714e-01
1.880300672894509861e-01,1.959387395921330377e-02,-1.673931660856355641e-01,3.293037698658940471e-01
1.874598153766019182e-01,1.947391207933291124e-02,-1.662085774527297388e-01,3.291519736184941869e-01
1.868894869290891880e-01,1.935431459319658654e-02,-1.650270792795431041e-01,3.289777451816950915e-01
1.863190821797620911e-01,1.923508154963260441e-02,-1.638490369257418755e-01,3.287815034098298117e-01
1.857486013615010922e-01,1.911621299732058077e-02,-1.626747941308431256e-01,3.285636741394452054e-01
1.851780447072178815e-01,1.899770898479125059e-02,-1.615046733189564598e-01,3.283246885715830343e-01
1.846074124498548741e-01,1.887956956042646794e-02,-1.603389759914906343e-01,3.280649817464966200e-01
1.840367048223854884e-01,1.876179477245920602e-02,-1.591779832260749594e-01,3.277849911138784322e-01
1.834659220578138961e-01,1.864438466897389013e-02,-1.580219562352634388e-01,3.274851552101245566e-01
1.828950643891748828e-01,1.852733929790584266e-02,-1.568711369586865412e-01,3.271659124371057437e-01
1.823241320495339046e-01,1.841065870704106100e-02,-1.557257487091393555e-01,3.268276999372401459e-01
1.817531252719868651e-01,1.829434294401754979e-02,-1.545859968946541041e-01,3.264709525761934628e-01
1.811820442896600325e-01,1.817839205632332256e-02,-1.534520697245024545e-01,3.260961020217307826e-01
1.806108893357100120e-01,1.806280609129817805e-02,-1.523241389166338777e-01,3.257035759049928814e-01
1.800396606433235791e-01,1.794758509613270103e-02,-1.512023604933535326e-01,3.252937970951486624e-01
1.794683584457176517e-01,1.783272911786837334e-02,-1.500868755073282157e-01,3.248671830426315132e-01
1.788969829761390684e-01,1.771823820339768485e-02,-1.489778107755173331e-01,3.244241451973494117e-01
1.783255344678647547e-01,1.760411239946413353e-02,-1.478752796747961062e-01,3.239650885405326308e-01
1.777540131542012514e-01,1.749035175266222542e-02,-1.467793828109074661e-01,3.234904111294479301e-01
1.771824192684849641e-01,1.737695630943703051e-02,-1.456902087895423636e-01,3.230005037686524139e-01
1.766107530440819140e-01,1.726392611608518202e-02,-1.446078348881262021e-01,3.224957497004597995e-01
1.760390147143875428e-01,1.715126121875343301e-02,-1.435323277380112506e-01,3.219765243636495966e-01
1.754672045128269076e-01,1.703896166343998875e-02,-1.424637440009811351e-01,3.214431952237805645e-01
1.748953226728542643e-01,1.692702749599339640e-02,-1.414021309700802531e-01,3.208961216020985163e-01
1.743233694279531787e-01,1.681545876211343327e-02,-1.403475272190053413e-01,3.203356546159215612e-01
1.737513450116363878e-01,1.670425550735066267e-02,-1.392999631431804386e-01,3.197621370753803149e-01
1.731792496574456053e-01,1.659341777710598986e-02,-1.382594615560155948e-01,3.191759034998124522e-01
1.726070835989515773e-01,1.648294561663177227e-02,-1.372260381884386482e-01,3.185772800854553832e-01
1.720348470697539156e-01,1.637283907103037617e-02,-1.361997022132505619e-01,3.179665847611716223e-01
1.714625403034809870e-01,1.626309818525562001e-02,-1.351804567203103991e-01,3.173441272384004974e-01
1.708901635337898017e-01,1.615372300411122009e-02,-1.341682991561169158e-01,3.167102090673792891e-01
1.703177169943660141e-01,1.604471357225245587e-02,-1.331632217829397669e-01,3.160651237771478494e-01
1.697452009189237276e-01,1.593606993418472673e-02,-1.321652120430622523e-01,3.154091569204748868e-01
1.691726155412054400e-01,1.582779213426421805e-02,-1.311742529774486687e-01,3.147425862602472590e-01
1.685999610949819039e-01,1.571988021669779023e-02,-1.301903235630789135e-01,3.140656818665774619e-01
1.680272378140521550e-01,1.561233422554275663e-02,-1.292133990481898753e-01,3.133787062551932623e-01
1.674544459322432621e-01,1.550515420470743866e-02,-1.282434512876846344e-01,3.126819145805119216e-01
1.668815856834103273e-01,1.539834019795027764e-02,-1.272804490170243163e-01,3.119755547437655374e-01
1.663086573014364022e-01,1.529189224888038989e-02,-1.263243581387302195e-01,3.112598675750151145e-01
1.657356610202322666e-01,1.518581040095789980e-02,-1.253751419895016705e-01,3.105350870218414050e-01
1.651625970737364835e-01,1.508009469749282960e-02,-1.244327615686219579e-01,3.098014402802620748e-01
1.645894656959152602e-01,1.497474518164587654e-02,-1.234971757682203630e-01,3.090591479749458803e-01
1.640162671207622547e-01,1.486976189642863488e-02,-1.225683415902803775e-01,3.083084243522173917e-01
1.634430015822986304e-01,1.476514488470259678e-02,-1.216462143373835125e-01,3.075494774346350102e-01
1.628696693145729180e-01,1.466089418918015141e-02,-1.207307477913850541e-01,3.067825091740760679e-01
1.622962705516607651e-01,1.455700985242402989e-02,-1.198218943893329391e-01,3.060077156454054648e-01
1.617228055276650756e-01,1.445349191684719425e-02,-1.189196053804259384e-01,3.052252872145052032e-01
1.611492744767158147e-01,1.435034042471328153e-02,-1.180238309697173860e-01,3.044354086923499736e-01
1.605756776329698154e-01,1.424755541813615967e-02,-1.171345204525229139e-01,3.036382594887395703e-01
1.600020152306108334e-01,1.414513693907992753e-02,-1.162516223427123990e-01,3.028340137881511129e-01
1.594282875038494085e-01,1.404308502935958103e-02,-1.153750844885204213e-01,3.020228407069808219e-01
1.588544946869226426e-01,1.394139973063979188e-02,-1.145048541793870361e-01,3.012049044452677626e-01
1.582806370140943664e-01,1.384008108443601781e-02,-1.136408782444556648e-01,3.003803644296910158e-01
1.577067147196548613e-01,1.373912913211372544e-02,-1.127831031444619797e-01,2.995493754608714587e-01
1.571327280379205826e-01,1.363854391488894535e-02,-1.119314750567208250e-01,2.987120878640016075e-01
1.565586772032345753e-01,1.353832547382771700e-02,-1.110859399526599595e-01,2.978686476280238415e-01
1.559845624499659189e-01,1.343847384984675486e-02,-1.102464436691975719e-01,2.970191965409365586e-01
1.554103840125097280e-01,1.333898908371222713e-02,-1.094129319743985113e-01,2.961638723216089009e-01
1.548361421252872072e-01,1.323987121604142114e-02,-1.085853506278211533e-01,2.953028087466159080e-01
1.542618370227455682e-01,1.314112028730118897e-02,-1.077636454359542084e-01,2.944361357742342755e-01
1.536874689393576132e-01,1.304273633780905772e-02,-1.069477623028409485e-01,2.935639796691368320e-01
1.531130381096219850e-01,1.294471940773223029e-02,-1.061376472763106982e-01,2.926864631202481526e-01
1.525385447680629447e-01,1.284706953708836252e-02,-1.053332465901906240e-01,2.918037053546550519e-01
1.519639891492302053e-01,1.274978676574534120e-02,-1.045345067027777242e-01,2.909158222480787148e-01
1.513893714876990149e-01,1.265287113342072889e-02,-1.037413743318304632e-01,2.900229264319486577e-01
1.508146920180698514e-01,1.255632267968287419e-02,-1.029537964863262711e-01,2.891251273971309210e-01
1.502399509749684503e-01,1.246014144394969048e-02,-1.021717204952141966e-01,2.882225315943698352e-01
1.496651485930457492e-01,1.236432746548921102e-02,-1.013950940333793321e-01,2.873152425315071423e-01
1.490902851069776380e-01,1.226888078341981103e-02,-1.006238651450204469e-01,2.864033608675420894e-01
1.485153607514650143e-01,1.217380143670954151e-02,-9.985798226464158434e-02,2.854869845035511999e-01
1.479403757612336168e-01,1.207908946417690643e-02,-9.909739423581218065e-02,2.845662086706748362e-01
1.473653303710339146e-01,1.198474490448997454e-02,-9.834205032784355816e-02,2.836411260153260949e-01
1.467902248156410516e-01,1.189076779616704549e-02,-9.759190025059351348e-02,2.827118266813418712e-01
1.462150593298547629e-01,1.179715817757664986e-02,-9.684689416751751656e-02,2.817783983893562549e-01
1.456398341484992365e-01,1.170391608693666097e-02,-9.610698270709634727e-02,2.808409265134961807e-01
1.450645495064229462e-01,1.161104156231540507e-02,-9.537211697276322397e-02,2.798994941554813209e-01
1.444892056384987911e-01,1.151853464163099527e-02,-9.464224855144655335e-02,2.789541822162078799e-01
1.439138027796237895e-01,1.142639536265133149e-02,-9.391732952083489683e-02,2.780050694648921739e-01
1.433383411647189409e-01,1.133462376299454455e-02,-9.319731245546383769e-02,2.770522326058573737e-01
1.427628210287294197e-01,1.124321988012821905e-02,-9.248215043171748029e-02,2.760957463430354086e-01
1.421872426066241313e-01,1.115218375137017048e-02,-9.177179703183085957e-02,2.751356834422630793e-01
1.416116061333958787e-01,1.106151541388811221e-02,-9.106620634697257244e-02,2.741721147914450984e-01
1.410359118440611403e-01,1.097121490469898930e-02,-9.036533297948198817e-02,2.732051094586588902e-01
1.404601599736599871e-01,1.088128226067019977e-02,-8.966913204433037132e-02,2.722347347482709234e-01
1.398843507572559430e-01,1.079171751851892846e-02,-8.897755916988034364e-02,2.712610562550950011e-01
1.393084844299360969e-01,1.070252071481170297e-02,-8.829057049804053814e-02,2.702841379165629720e-01
1.387325612268106856e-01,1.061369188596539281e-02,-8.760812268376921841e-02,2.693040420632892284e-01
1.381565813830132883e-01,1.052523106824632126e-02,-8.693017289403373593e-02,2.683208294679039763e-01
1.375805451337004937e-01,1.043713829777026536e-02,-8.625667880627908846e-02,2.673345593921948593e-01
1.370044527140521218e-01,1.034941361050345510e-02,-8.558759860644125916e-02,2.663452896326505837e-01
1.364283043592706413e-01,1.026205704226124116e-02,-8.492289098654355606e-02,2.653530765644636635e-01
1.358521003045815856e-01,1.017506862870898310e-02,-8.426251514191457348e-02,2.643579751840482439e-01
1.352758407852331646e-01,1.008844840536149423e-02,-8.360643076806099916e-02,2.633600391501280669e-01
1.346995260364961811e-01,1.000219640758370776e-02,-8.295459805722762980e-02,2.623593208234468732e-01
1.341231562936640309e-01,9.916312670589677580e-03,-8.230697769467315572e-02,2.613558713051508664e-01
1.335467317920525920e-01,9.830797229443466456e-03,-8.166353085468971984e-02,2.603497404738948084e-01
1.329702527670000023e-01,9.745650119058590910e-03,-8.102421919642173453e-02,2.593409770216399401e-01
1.323937194538667705e-01,9.660871374198465311e-03,-8.038900486005043367e-02,2.583296284869598392e-01
1.318171320880355268e-01,9.576461029475735742e-03,-7.975785046234402931e-02,2.573157412883811390e-01
1.312404909049109392e-01,9.492419119352835111e-03,-7.913071909150394545e-02,2.562993607578287758e-01
1.306637961399196302e-01,9.408745678141761104e-03,-7.850757430226178168e-02,2.552805311720243164e-01
1.300870480285102604e-01,9.325440740003965168e-03,-7.788838011085917612e-02,2.542592957828265776e-01
1.295102468061530565e-01,9.242504338950796594e-03,-7.727310098991105325e-02,2.532356968465894753e-01
1.289333927083400055e-01,9.159936508842614344e-03,-7.666170186316575985e-02,2.522097756525721879e-01
1.283564859705847716e-01,9.077737283389897271e-03,-7.605414810050589725e-02,2.511815725497638097e-01
1.277795268284223906e-01,8.995906696152022874e-03,-7.545040551424374298e-02,2.501511269701642837e-01
1.272025155174093258e-01,8.914444780538377522e-03,-7.485044035282084618e-02,2.491184774565363413e-01
1.266254522731234122e-01,8.833351569807468273e-03,-7.425421929473040306e-02,2.480836616885878920e-01
1.260483373311635791e-01,8.752627097067477990e-03,-7.366170944297663337e-02,2.470467165071328075e-01
1.254711709271499331e-01,8.672271395275932271e-03,-7.307287831949602075e-02,2.460076779374903433e-01
1.248939532967236060e-01,8.592284497239921492e-03,-7.248769385981662650e-02,2.449665812116525454e-01
1.243166846755465321e-01,8.512666435615878768e-03,-7.190612441014530842e-02,2.439234607853147663e-01
1.237393652993015875e-01,8.433417242909579947e-03,-7.132813872109279585e-02,2.428783503607255256e-01
1.231619954036923398e-01,8.354536951476254636e-03,-7.075370594051823281e-02,2.418312829102650385e-01
1.225845752244429376e-01,8.276025593520697221e-03,-7.018279560787531179e-02,2.407822906964805221e-01
1.220071049972980826e-01,8.197883201096711758e-03,-6.961537764861405742e-02,2.397314052914117644e-01
1.214295849580229736e-01,8.120109806108000150e-03,-6.905142237103920055e-02,2.386786575911269970e-01
1.208520153424030019e-01,8.042705440307051923e-03,-6.849090046287555078e-02,2.376240778305911960e-01
1.202743963862439314e-01,7.965670135295810361e-03,-6.793378298232535806e-02,2.365676956074594384e-01
1.196967283253716346e-01,7.889003922526005574e-03,-6.738004135213274126e-02,2.355095398998944267e-01
1.191190113956319824e-01,7.812706833298155296e-03,-6.682964735417523672e-02,2.344496390829886590e-01
1.185412458328908708e-01,7.736778898762119994e-03,-6.628257312803920165e-02,2.333880209383183968e-01
1.179634318730340276e-01,7.661220149917435940e-03,-6.573879116688863267e-02,2.323247126679313934e-01
1.173855697519669006e-01,7.586030617612538052e-03,-6.519827430779684407e-02,2.312597409167307938e-01
1.168076597056146165e-01,7.511210332545092960e-03,-6.466099572606906487e-02,2.301931317876861616e-01
1.162297019699219253e-01,7.436759325262443099e-03,-6.412692893156349272e-02,2.291249108535396428e-01
1.156516967808529639e-01,7.362677626160718525e-03,-6.359604776991574504e-02,2.280551031608890333e-01
1.150736443743913123e-01,7.288965265485392031e-03,-6.306832641234348669e-02,2.269837332518847561e-01
1.144955449865397989e-01,7.215622273331168124e-03,-6.254373934821082226e-02,2.259108251808347734e-01
1.139173988533203896e-01,7.142648679642094045e-03,-6.202226138082096718e-02,2.248364025254647458e-01
1.133392062107742293e-01,7.070044514211226705e-03,-6.150386763029726950e-02,2.237604883876140038e-01
1.127609672949613506e-01,6.997809806680854727e-03,-6.098853352498569136e-02,2.226831054111256258e-01
1.121826823419607710e-01,6.925944586542276404e-03,-6.047623479208287522e-02,2.216042758000980051e-01
1.116043515878702430e-01,6.854448883136243786e-03,-5.996694745389385961e-02,2.205240213284157813e-01
1.110259752688062401e-01,6.783322725652407570e-03,-5.946064783236591073e-02,2.194423633375095772e-01
1.104475536209038461e-01,6.712566143129650165e-03,-5.895731253943727740e-02,2.183593227545755910e-01
1.098690868803166021e-01,6.642179164455752627e-03,-5.845691846734496488e-02,2.172749201100491745e-01
1.092905752832165345e-01,6.572161818368060793e-03,-5.795944278696532614e-02,2.161891755433847095e-01
1.087120190657939467e-01,6.502514133452486078e-03,-5.746486295330941602e-02,2.151021087992342207e-01
1.081334184642573221e-01,6.433236138144282634e-03,-5.697315669181510916e-02,2.140137392501184899e-01
1.075547737148333377e-01,6.364327860727936326e-03,-5.648430199062665080e-02,2.129240859100238747e-01
1.069760850537666425e-01,6.295789329336720641e-03,-5.599827710458250840e-02,2.118331674320599600e-01
1.063973527173198291e-01,6.227620571952807715e-03,-5.551506055492975988e-02,2.107410021123224952e-01
1.058185769417733235e-01,6.159821616407823441e-03,-5.503463111389662876e-02,2.096476079134781123e-01
1.052397579634253011e-01,6.092392490382292358e-03,-5.455696780209046137e-02,2.085530024707129559e-01
1.046608960185915344e-01,6.025333221405415607e-03,-5.408204989779312466e-02,2.074572030824981816e-01
1.040819913436053790e-01,5.958643836855626041e-03,-5.360985692298392974e-02,2.063602267317585504e-01
1.035030441748176072e-01,5.892324363960699252e-03,-5.314036863395121130e-02,2.052620901002449594e-01
1.029240547485963525e-01,5.826374829796865384e-03,-5.267356502975045762e-02,2.041628095601151494e-01
1.023450233013270400e-01,5.760795261289364255e-03,-5.220942634854154607e-02,2.030624011813924878e-01
1.017659500694121782e-01,5.695585685212556371e-03,-5.174793305137272148e-02,2.019608807545845430e-01
1.011868352892713596e-01,5.630746128189811905e-03,-5.128906582662351443e-02,2.008582637870933718e-01
1.006076791973411766e-01,5.566276616693399681e-03,-5.083280559588235908e-02,1.997545654984614616e-01
1.000284820300750416e-01,5.502177177044265122e-03,-5.037913349419285286e-02,1.986498008468292886e-01
9.944924402394315910e-02,5.438447835412474340e-03,-4.992803087025700359e-02,1.975439845303396114e-01
9.886996541543244255e-02,5.375088617816992098e-03,-4.947947929816591539e-02,1.964371309751670736e-01
9.829064644104629211e-02,5.312099550125681802e-03,-4.903346055712552026e-02,1.953292543619745691e-01
9.771128733730465032e-02,5.249480658055194482e-03,-4.858995662828029943e-02,1.942203686311452515e-01
9.713188834074386324e-02,5.187231967171079816e-03,-4.814894970948289249e-02,1.931104874672701366e-01
9.655244968791651394e-02,5.125353502887675106e-03,-4.771042219547188407e-02,1.919996243244202760e-01
9.597297161539138088e-02,5.063845290468549365e-03,-4.727435667279757808e-02,1.908877924333450826e-01
9.539345435975339627e-02,5.002707355025504121e-03,-4.684073593632501198e-02,1.897750047841346432e-01
9.481389815760339623e-02,4.941939721519461592e-03,-4.640954296889829300e-02,1.886612741514360758e-01
9.423430324555817639e-02,4.881542414760464688e-03,-4.598076093658440278e-02,1.875466131010164184e-01
9.365466986025036689e-02,4.821515459406677806e-03,-4.555437320599562551e-02,1.864310339717653864e-01
9.307499823832822428e-02,4.761858879965719105e-03,-4.513036332180612314e-02,1.853145489026728210e-01
9.249528861645565925e-02,4.702572700793661298e-03,-4.470871500528134090e-02,1.841971698354714082e-01
9.191554123131211174e-02,4.643656946095364724e-03,-4.428941217044118916e-02,1.830789084982551995e-01
9.133575631959242602e-02,4.585111639924699389e-03,-4.387243889869244656e-02,1.819597764349199231e-01
9.075593411800673971e-02,4.526936806183767814e-03,-4.345777944402366005e-02,1.808397850003727880e-01
9.017607486328046984e-02,4.469132468623904231e-03,-4.304541824394293725e-02,1.797189453501567002e-01
8.959617879215411862e-02,4.411698650845119474e-03,-4.263533989296044990e-02,1.785972684703345248e-01
8.901624614138319014e-02,4.354635376295989957e-03,-4.222752915692527115e-02,1.774747651629602907e-01
8.843627714773823201e-02,4.297942668273768696e-03,-4.182197097309569428e-02,1.763514460474917833e-01
8.785627204800453005e-02,4.241620549924607353e-03,-4.141865042755902421e-02,1.752273215856675892e-01
8.727623107898213606e-02,4.185669044243334191e-03,-4.101755277783895870e-02,1.741024020586227350e-01
8.669615447748577064e-02,4.130088174073343055e-03,-4.061866343750918790e-02,1.729766975843796961e-01
8.611604248034467057e-02,4.074877962106704388e-03,-4.022196796588654866e-02,1.718502181292554665e-01
8.553589532440251941e-02,4.020038430884276259e-03,-3.982745209083531773e-02,1.707229734853583925e-01
8.495571324651741973e-02,3.965569602795482318e-03,-3.943510168013544814e-02,1.695949733011574423e-01
8.437549648356165721e-02,3.911471500078644858e-03,-3.904490275141512395e-02,1.684662270719139709e-01
8.379524527242168674e-02,3.857744144820318688e-03,-3.865684147887962774e-02,1.673367441340535833e-01
8.321495984999809081e-02,3.804387558955846238e-03,-3.827090416662111416e-02,1.662065336928841841e-01
8.263464045320535745e-02,3.751401764269468586e-03,-3.788707727453726609e-02,1.650756047972926077e-01
8.205428731897183858e-02,3.698786782393548300e-03,-3.750534739927956218e-02,1.639439663598991348e-01
8.147390068423973619e-02,3.646542634809679662e-03,-3.712570126939485071e-02,1.628116271623567257e-01
8.089348078596483860e-02,3.594669342847356397e-03,-3.674812576518833585e-02,1.616785958367209231e-01
8.031302786111656211e-02,3.543166927685192924e-03,-3.637260788663924937e-02,1.605448808977309461e-01
7.973254214667782613e-02,3.492035410350258218e-03,-3.599913477672499890e-02,1.594104907205663724e-01
7.915202387964488662e-02,3.441274811717964788e-03,-3.562769370987285689e-02,1.582754335530954237e-01
7.857147329702730831e-02,3.390885152512623790e-03,-3.525827208009768565e-02,1.571397175277427782e-01
7.799089063584785375e-02,3.340866453306778894e-03,-3.489085742546457064e-02,1.560033506388306956e-01
7.741027613314242772e-02,3.291218734521761391e-03,-3.452543739439131731e-02,1.548663407754759802e-01
7.682963002595982749e-02,3.241942016427468154e-03,-3.416199976966956958e-02,1.537286956992101328e-01
7.624895255136186767e-02,3.193036319142139590e-03,-3.380053245606598478e-02,1.525904230566228204e-01
7.566824394642308882e-02,3.144501662632470662e-03,-3.344102347062744701e-02,1.514515303888055719e-01
7.508750444823078518e-02,3.096338066714054982e-03,-3.308346096538891667e-02,1.503120251109013872e-01
7.450673429388485203e-02,3.048545551050607649e-03,-3.272783319311172584e-02,1.491719145445322969e-01
7.392593372049768852e-02,3.001124135154631389e-03,-3.237412853673796165e-02,1.480312058909866169e-01
7.334510296519412831e-02,2.954073838386861439e-03,-3.202233548730339802e-02,1.468899062523474075e-01
7.276424226511131466e-02,2.907394679956598615e-03,-3.167244264670394938e-02,1.457480226292167669e-01
7.218335185739864490e-02,2.861086678921820337e-03,-3.132443873914912691e-02,1.446055619110583057e-01
7.160243197921760394e-02,2.815149854188625511e-03,-3.097831258287184891e-02,1.434625309021992645e-01
7.102148286774173647e-02,2.769584224511789650e-03,-3.063405312294893712e-02,1.423189362927626822e-01
7.044050476015652207e-02,2.724389808494653842e-03,-3.029164939645960508e-02,1.411747846905255233e-01
6.985949789365923646e-02,2.679566624588680668e-03,-2.995109055588631580e-02,1.400300826003001708e-01
6.927846250545897921e-02,2.635114691094009309e-03,-2.961236585646554939e-02,1.388848364358931109e-01
6.869739883277642400e-02,2.591034026159122483e-03,-2.927546465057254133e-02,1.377390525252695508e-01
6.811630711284381856e-02,2.547324647780957463e-03,-2.894037640521995858e-02,1.365927370958110454e-01
6.753518758290485979e-02,2.503986573804795057e-03,-2.860709067084273374e-02,1.354458963019518070e-01
6.695404048021459664e-02,2.461019821924370632e-03,-2.827559711570180531e-02,1.342985361956527401e-01
6.637286604203933293e-02,2.418424409681874110e-03,-2.794588548938815170e-02,1.331506627585374858e-01
6.579166450565653024e-02,2.376200354467949971e-03,-2.761794565044947691e-02,1.320022818782953800e-01
6.521043610835473847e-02,2.334347673521253164e-03,-2.729176754668088956e-02,1.308533993662168993e-01
6.462918108743342938e-02,2.292866383929226259e-03,-2.696734121971905429e-02,1.297040209534157940e-01
6.404789968020299651e-02,2.251756502627433321e-03,-2.664465681115038218e-02,1.285541522862344299e-01
6.346659212398456096e-02,2.211018046400115011e-03,-2.632370454200604060e-02,1.274037989437848684e-01
6.288525865610994359e-02,2.170651031879411441e-03,-2.600447474057490313e-02,1.262529664149983355e-01
6.230389951392153319e-02,2.130655475546250344e-03,-2.568695780606641485e-02,1.251016601293986341e-01
6.172251493477221712e-02,2.091031393729569920e-03,-2.537114424493370005e-02,1.239498854271010031e-01
6.114110515602524942e-02,2.051778802606873953e-03,-2.505702463408815764e-02,1.227976475898062553e-01
6.055967041505417453e-02,2.012897718203898734e-03,-2.474458965019958254e-02,1.216449518167457694e-01
5.997821094924275787e-02,1.974388156394724092e-03,-2.443383004597607031e-02,1.204918032447179904e-01
5.939672699598480543e-02,1.936250132901662369e-03,-2.412473666251232357e-02,1.193382069380752725e-01
5.881521879268418462e-02,1.898483663295591484e-03,-2.381730042471407946e-02,1.181841678929721057e-01
5.823368657675459525e-02,1.861088762995288803e-03,-2.351151233402266547e-02,1.170296910433782228e-01
5.765213058561958342e-02,1.824065447268208295e-03,-2.320736348276982233e-02,1.158747812499358459e-01
5.707055105671240969e-02,1.787413731229925418e-03,-2.290484502983173437e-02,1.147194433197084029e-01
5.648894822747592415e-02,1.751133629844359163e-03,-2.260394822950772750e-02,1.135636819834123096e-01
5.590732233536248319e-02,1.715225157923550015e-03,-2.230466439591955938e-02,1.124075019240468737e-01
5.532567361783388010e-02,1.679688330127993012e-03,-2.200698493959647034e-02,1.112509077481050462e-01
5.474400231236120629e-02,1.644523160966415709e-03,-2.171090132802988570e-02,1.100939040170736266e-01
5.416230865642479575e-02,1.609729664795778170e-03,-2.141640512244170555e-02,1.089364952186584606e-01
5.358059288751409327e-02,1.575307855821383995e-03,-2.112348794148020265e-02,1.077786857956119920e-01
5.299885524312757806e-02,1.541257748096547253e-03,-2.083214149228417716e-02,1.066204801215922121e-01
5.241709596077265970e-02,1.507579355523036568e-03,-2.054235754186641699e-02,1.054618825238041874e-01
5.183531527796558791e-02,1.474272691850853079e-03,-2.025412793926333749e-02,1.043028972659245379e-01
5.125351343223132766e-02,1.441337770678230434e-03,-1.996744459663274754e-02,1.031435285630761950e-01
5.067169066110350367e-02,1.408774605451523776e-03,-1.968229950142226514e-02,1.019837805725397201e-01
5.008984720212428243e-02,1.376583209465320756e-03,-1.939868470747820386e-02,1.008236574009449826e-01
4.950798329284427507e-02,1.344763595862552563e-03,-1.911659233753366244e-02,9.966316310242599730e-02
4.892609917082243326e-02,1.313315777634271875e-03,-1.883601458357190075e-02,9.850230167872003895e-02
4.834419507362599372e-02,1.282239767619763882e-03,-1.855694370071937771e-02,9.734107708383421542e-02
4.776227123883028391e-02,1.251535578506546287e-03,-1.827937201555052474e-02,9.617949321814825425e-02
4.718032790401874982e-02,1.221203222830147261e-03,-1.800329191283729646e-02,9.501755393840513597e-02
4.659836530678278244e-02,1.191242712974549534e-03,-1.772869585027192843e-02,9.385526304704823464e-02
4.601638368472162066e-02,1.161654061171746299e-03,-1.745557633961003496e-02,9.269262430631000638e-02
4.543438327544229577e-02,1.132437279502074290e-03,-1.718392596629965408e-02,9.152964142397884695e-02
4.485236431655948569e-02,1.103592379893880704e-03,-1.691373736647097670e-02,9.036631807044832876e-02
4.427032704569545257e-02,1.075119374123634231e-03,-1.664500325009429793e-02,8.920265786198414149e-02
4.368827170047993869e-02,1.047018273816147094e-03,-1.637771637510389636e-02,8.803866437974300352e-02
4.310619851855005541e-02,1.019289090444464030e-03,-1.611186957288791161e-02,8.687434115145450941e-02
4.252410773755020690e-02,9.919318353293071766e-04,-1.584745572065303712e-02,8.570969167157256596e-02
4.194199959513197906e-02,9.649465196401862954e-04,-1.558446776821919948e-02,8.454471938214300208e-02
4.135987432895404242e-02,9.383331543945105935e-04,-1.532289870958175246e-02,8.337942769337758353e-02
4.077773217668205497e-02,9.120917504574777013e-04,-1.506274161010700066e-02,8.221381996437243656e-02
4.019557337598858582e-02,8.862223185429618511e-04,-1.480398957815771271e-02,8.104789952347614401e-02
3.961339816455298340e-02,8.607248692126256984e-04,-1.454663579184131868e-02,7.988166964946857851e-02
3.903120678006130606e-02,8.355994128764754336e-04,-1.429067347154453806e-02,7.871513359112305985e-02
3.844899946020619713e-02,8.108459597924166928e-04,-1.403609590537116189e-02,7.754829454945220968e-02
3.786677644268685028e-02,7.864645200668096692e-04,-1.378289642347934642e-02,7.638115569584430498e-02
3.728453796520880825e-02,7.624551036536919568e-04,-1.353106842126952300e-02,7.521372015602179051e-02
3.670228426548396983e-02,7.388177203554446848e-04,-1.328060533651708591e-02,7.404599102607739569e-02
3.612001558123044409e-02,7.155523798226814947e-04,-1.303150066925626988e-02,7.287797135885600019e-02
3.553773215017243248e-02,6.926590915540264959e-04,-1.278374796282290803e-02,7.170966417714717822e-02
3.495543421004018020e-02,6.701378648961142659e-04,-1.253734081926070366e-02,7.054107246326603298e-02
3.437312199856985134e-02,6.479887090437008723e-04,-1.229227288549452832e-02,6.937219916860450086e-02
3.379079575350343173e-02,6.262116330396638730e-04,-1.204853786300577254e-02,6.820304720722335234e-02
3.320845571258863177e-02,6.048066457751133385e-04,-1.180612950039722046e-02,6.703361946095467983e-02
3.262610211357881707e-02,5.837737559889477623e-04,-1.156504159609690781e-02,6.586391877778990933e-02
3.204373519423286965e-02,5.631129722684091732e-04,-1.132526799849449886e-02,6.469394797180050283e-02
3.146135519231509775e-02,5.428243030487500675e-04,-1.108680260059885167e-02,6.352370982697531920e-02
3.087896234559518727e-02,5.229077566132334098e-04,-1.084963934865844706e-02,6.235320709142451456e-02
3.029655689184803519e-02,5.033633410932436547e-04,-1.061377222808446152e-02,6.118244248704432509e-02
2.971413906885370798e-02,4.841910644681757248e-04,-1.037919528094384362e-02,6.001141869783278848e-02
2.913170911439730629e-02,4.653909345657680774e-04,-1.014590258314010916e-02,5.884013838529711382e-02
2.854926726626888858e-02,4.469629590612145265e-04,-9.913888270311208353e-03,5.766860417128300692e-02
2.796681376226336363e-02,4.289071454783854875e-04,-9.683146507312778706e-03,5.649681865834420974e-02
2.738434884018042803e-02,4.112235011889397995e-04,-9.453671520783954452e-03,5.532478440831661848e-02
2.680187273782439969e-02,3.939120334126577916e-04,-9.225457563484456419e-03,5.415250396589599974e-02
2.621938569300417965e-02,3.769727492172192385e-04,-8.998498950064140814e-03,5.297997983529154076e-02
2.563688794353314454e-02,3.604056555185364275e-04,-8.772790020660076876e-03,5.180721450408674877e-02
2.505437972722903209e-02,3.442107590805321138e-04,-8.548325174646131605e-03,5.063421042140006656e-02
2.447186128191384397e-02,3.283880665151395206e-04,-8.325098839155551864e-03,4.946097001835127183e-02
2.388933284541377641e-02,3.129375842820802944e-04,-8.103105495142709155e-03,4.828749569136849690e-02
2.330679465555909879e-02,2.978593186897526834e-04,-7.882339656173107528e-03,4.711378981587248382e-02
2.272424695018405300e-02,2.831532758938992700e-04,-7.662795882030773095e-03,4.593985473770977740e-02
2.214168996712677709e-02,2.688194618988282159e-04,-7.444468771751466644e-03,4.476569277761651561e-02
2.155912394422919431e-02,2.548578825564140615e-04,-7.227352961790773148e-03,4.359130623255556836e-02
2.097654911933691246e-02,2.412685435669859046e-04,-7.011443135078919420e-03,4.241669736997163986e-02
2.039396573029914755e-02,2.280514504784392216e-04,-6.796734003403232145e-03,4.124186843910018774e-02
1.981137401496858852e-02,2.152066086872350681e-04,-6.583220331157764275e-03,4.006682165600648077e-02
1.922877421120135211e-02,2.027340234372898564e-04,-6.370896905190908364e-03,3.889155922267138049e-02
1.864616655685683022e-02,1.906336998209745559e-04,-6.159758567851394799e-03,3.771608330633573203e-02
1.806355128979764135e-02,1.789056427785595815e-04,-5.949800181995703111e-03,3.654039606144247193e-02
1.748092864788949527e-02,1.675498570983258162e-04,-5.741016663588356835e-03,3.536449960943328918e-02
1.689829886900113057e-02,1.565663474162315438e-04,-5.533402952679738682e-03,3.418839605679949850e-02
1.631566219100418283e-02,1.459551182168006278e-04,-5.326954034939066461e-03,3.301208748189010667e-02
1.573301885177311177e-02,1.357161738323453548e-04,-5.121664927940458578e-03,3.183557594337679125e-02
1.515036908918509888e-02,1.258495184429664349e-04,-4.917530684419581591e-03,3.065886347839431869e-02
1.456771314111994682e-02,1.163551560768860682e-04,-4.714546398429965250e-03,2.948195209877320366e-02
1.398505124545997187e-02,1.072330906106699899e-04,-4.512707188764113198e-03,2.830484380129143565e-02
1.340238364008994147e-02,9.848332576845031383e-05,-4.312008223169349307e-03,2.712754055296118239e-02
1.281971056289693371e-02,9.010586512248064395e-05,-4.112444687488503448e-03,2.595004430984289984e-02
1.223703225177027315e-02,8.210071209313607454e-05,-3.914011818519263879e-03,2.477235699723799242e-02
1.165434894460141459e-02,7.446786994858012321e-05,-3.716704871736919557e-03,2.359448052919349559e-02
1.107166087928385459e-02,6.720734180520882006e-05,-3.520519147716188839e-03,2.241641679272743728e-02
1.048896829371303262e-02,6.031913062720661856e-05,-3.325449973394237896e-03,2.123816765906350393e-02
9.906271425786233875e-03,5.380323922687946236e-05,-3.131492709620254528e-03,2.005973497924576007e-02
9.323570513402492169e-03,4.765967026454376310e-05,-2.938642754479427709e-03,1.888112058216232653e-02
8.740865794462487556e-03,4.188842624841537798e-05,-2.746895528144872086e-03,1.770232628364400151e-02
8.158157506868464817e-03,3.648950953460960989e-05,-2.556246496771715643e-03,1.652335387235624384e-02
7.575445888524114622e-03,3.146292232758529650e-05,-2.366691141923614981e-03,1.534420512789979804e-02
6.992731177334493738e-03,2.680866667925663194e-05,-2.178224992285910429e-03,1.416488180223698934e-02
6.410013611205920940e-03,2.252674449010338975e-05,-1.990843594641199081e-03,1.298538563672681050e-02
5.827293428045879874e-03,1.861715750828274452e-05,-1.804542534172627046e-03,1.180571835036124499e-02
5.244570865762920170e-03,1.507990732985131643e-05,-1.619317424440827428e-03,1.062588164560506268e-02
4.661846162266568110e-03,1.191499539898721594e-05,-1.435163904949742679e-03,9.445877209924383525e-03
4.079119555467219937e-03,9.122423007990043686e-06,-1.252077656042787463e-03,8.265706707179193077e-03
3.496391283276050355e-03,6.702191296725779068e-06,-1.070054372434059474e-03,7.085371792957723819e-03
2.913661583604914077e-03,4.654301253403936300e-06,-8.890897908322751252e-04,5.904874098711492166e-03
2.330930694366248682e-03,2.978753714355519833e-06,-7.091796627204910008e-04,4.724215247424872616e-03
1.748198853472976823e-03,1.675549363366890532e-06,-5.303197885503252050e-04,3.543396834207586561e-03
1.165466298838410382e-03,7.446887326789664030e-07,-3.525059991706147632e-04,2.362420436866181309e-03
5.827332683761523484e-04,1.861722022100664731e-07,-1.757341258857195816e-04,1.181287632947903340e-03
0.000000000000000000e+00,0.000000000000000000e+00,-0.000000000000000000e+00,0.000000000000000000e+00
